$,'',CC,CD,DT,FW,IN,JJ,MD,NN,NNP,NNS,PDT,PRP,RB,RP,SYM,VB,VBD,VBG,VBP,VBZ,WRB,Nat
0.000240587,,0.000120294,0.002887044,0.012450379,0.000120294,0.002586311,0.012751113,0.000601468,0.076927704,0.031697342,6.01E-05,0.000300734,0.000661614,0.00018044,6.01E-05,,0.000842055,0.002466017,,0.007277758,0.006977024,6.01E-05,FALSE
0.000120294,,6.01E-05,0.003668952,0.007758932,0.000240587,0.001323229,0.010285096,0.000421027,0.053650908,0.01521713,,0.00018044,0.000120294,0.00018044,,,0.000541321,0.001804403,,0.006916877,0.00445086,6.01E-05,FALSE
0.00018044,,0.000661614,0.004571154,0.02002887,0.000661614,0.004150126,0.029712498,0.001082642,0.164922411,0.052447973,0.00018044,0.000721761,0.000300734,0.000421027,,,0.00240587,0.003368218,,0.019968724,0.013833754,6.01E-05,FALSE
0.00018044,,0.000661614,0.004811741,0.018705642,0.000661614,0.003488512,0.023637676,0.001082642,0.128593769,0.044568748,0.00018044,0.000421027,0.000481174,0.000421027,,,0.001623962,0.003368218,,0.015878744,0.010285096,0.000120294,FALSE
0.000120294,,6.01E-05,0.003368218,0.006916877,0.000300734,0.001142788,0.009803922,0.000541321,0.049139901,0.014856249,,0.000120294,0.000300734,0.000240587,,,0.000661614,0.001804403,,0.006616143,0.003969686,6.01E-05,FALSE
0.000240587,,0.000120294,0.002947191,0.010345242,0.000240587,0.002466017,0.011247444,0.000661614,0.064657765,0.027306628,6.01E-05,0.000120294,0.000360881,0.000120294,,,0.000902201,0.00222543,,0.006195116,0.005653795,6.01E-05,FALSE
,4.22E-05,,0.000717451,0.001730323,,0.00042203,0.002827601,8.44E-05,0.018949145,0.005739608,4.22E-05,,0.000126609,,,,0.000126609,0.000126609,4.22E-05,0.002447774,0.001519308,,FALSE
4.22E-05,,0.00042203,0.003165225,0.014939861,0.000253218,0.002785398,0.020763874,0.001814729,0.13492298,0.046592108,0.000253218,0.000801857,0.000506436,8.44E-05,4.22E-05,,0.002152353,0.003207428,,0.016585778,0.010086516,,FALSE
4.22E-05,4.22E-05,,0.000675248,0.001814729,,0.00042203,0.002827601,0.000126609,0.018653724,0.005655202,4.22E-05,,0.000126609,,,,0.000168812,0.000126609,4.22E-05,0.002321165,0.001477105,,FALSE
,4.22E-05,,0.000717451,0.001645917,,0.000464233,0.002700992,0.000126609,0.018442709,0.005824014,4.22E-05,,0.000126609,,,,0.000211015,0.000126609,4.22E-05,0.002363368,0.001350496,,FALSE
0.00042203,,0.000253218,0.008018569,0.017007808,0.001055075,0.003291834,0.024097911,0.001097278,0.143827812,0.038235915,0.000379827,0.00084406,0.000464233,0.000548639,,,0.00168812,0.003545052,,0.020088626,0.011099388,,FALSE
,4.22E-05,,0.000717451,0.001814729,,0.000464233,0.002700992,0.000126609,0.018527115,0.005697405,8.44E-05,,0.000168812,,,,0.000168812,8.44E-05,4.22E-05,0.002447774,0.001392699,,FALSE
0.000126609,,0.000253218,0.00253218,0.018484912,0.000506436,0.002912007,0.021945558,0.001055075,0.130111838,0.036378983,0.000548639,0.000717451,0.00042203,0.000506436,,,0.001350496,0.003080819,,0.01591053,0.012998523,4.22E-05,FALSE
,5.70E-05,,0.000968385,0.002335517,,0.000569638,0.003702649,0.000113928,0.02529194,0.007804044,5.70E-05,,0.000170891,,,,0.000170891,0.000113928,5.70E-05,0.003189974,0.002164625,,FALSE
0.000170891,,0.000626602,0.003076047,0.011734549,0.000455711,0.001538023,0.016006836,0.000911421,0.100085446,0.028766733,0.000398747,0.000284819,0.000398747,0.000341783,,,0.001424096,0.002563372,,0.013158644,0.007974936,,FALSE
5.70E-05,,0.000284819,0.001765879,0.017886642,0.000626602,0.003076047,0.02455141,0.00074053,0.148333808,0.038165765,0.000227855,0.000341783,0.000968385,0.000341783,,,0.00119624,0.002620336,,0.019139846,0.012816861,0.000113928,FALSE
5.70E-05,0.000170891,0.001708915,0.012418114,0.040216463,0.001651951,0.006949587,0.057932213,0.002449445,0.316491028,0.101566505,0.000455711,0.000398747,0.001253204,0.001139277,5.70E-05,,0.003987468,0.009455995,,0.040444318,0.031387069,5.70E-05,FALSE
,,0.000113928,0.000968385,0.01264597,0.000398747,0.001879806,0.018114497,0.00074053,0.114383367,0.033893478,0.000284819,0.000341783,0.000341783,0.000284819,,,0.001253204,0.002221589,,0.013500427,0.009626887,,FALSE
1.91E-05,,,0.000647989,0.001581856,9.53E-05,0.000190585,0.001943968,9.53E-05,0.010768058,0.003373356,7.62E-05,3.81E-05,0.000247761,3.81E-05,,,0.000152468,0.000228702,,0.001753383,0.000800457,,FALSE
3.81E-05,3.81E-05,0.000590814,0.003868877,0.016828664,0.000495521,0.002591957,0.025900515,0.000667048,0.134305317,0.033771679,0.000304936,0.000362112,0.000552697,0.000457404,,,0.001619973,0.003392415,,0.016809605,0.012635792,,FALSE
3.81E-05,,,0.001581856,0.002229846,7.62E-05,0.000323995,0.002877835,5.72E-05,0.016028207,0.004878978,7.62E-05,7.62E-05,0.000285878,5.72E-05,,,0.000114351,0.000419287,,0.002115495,0.001505622,,FALSE
1.91E-05,,,0.000857633,0.002496665,0.000171527,0.000400229,0.003506766,0.000152468,0.018810749,0.005317324,7.62E-05,0.00013341,0.000209644,1.91E-05,,,0.000228702,0.000552697,,0.002725367,0.00165809,,FALSE
9.53E-05,,9.53E-05,0.001257862,0.008728797,0.000476463,0.001810558,0.011473223,0.000190585,0.06904898,0.017152659,0.000152468,0.000171527,0.000533638,0.000209644,3.81E-05,,0.000628931,0.002039261,,0.008919383,0.005850962,1.91E-05,FALSE
,,,0.000571755,0.001295979,9.53E-05,0.000190585,0.001810558,0.000114351,0.010367829,0.00320183,7.62E-05,3.81E-05,0.000209644,3.81E-05,,,0.000152468,0.000247761,,0.001600915,0.000857633,,FALSE
3.81E-05,,,0.001581856,0.002210787,7.62E-05,0.000285878,0.00293501,9.53E-05,0.016009148,0.004898037,7.62E-05,7.62E-05,0.000285878,5.72E-05,,,0.000152468,0.000419287,,0.002096436,0.001524681,,FALSE
,1.91E-05,0.000171527,0.000724223,0.007166,0.000400229,0.002058319,0.011206404,0.000476463,0.062759672,0.014979989,0.000152468,0.000171527,0.000343053,0.000343053,,,0.000781399,0.001391271,,0.009033734,0.004669335,,FALSE
1.91E-05,1.91E-05,,0.000304936,0.000781399,,0.000190585,0.001353154,3.81E-05,0.008633505,0.002572899,1.91E-05,,7.62E-05,,,,5.72E-05,7.62E-05,1.91E-05,0.001124452,0.000628931,,FALSE
,,1.91E-05,0.000724223,0.002839718,0.000114351,0.00038117,0.004269106,0.000114351,0.024280541,0.006117782,9.53E-05,7.62E-05,0.000247761,5.72E-05,,,0.000228702,0.00051458,,0.003011245,0.001734324,,FALSE
0.000240292,4.81E-05,4.81E-05,0.0037005,0.012831603,0.001297578,0.003316032,0.016243752,0.000384468,0.110870819,0.036860823,4.81E-05,0.000192234,0.000480584,0.000192234,,,0.000768935,0.002018454,,0.01201461,0.010813149,4.81E-05,FALSE
0.000144175,,4.81E-05,0.002691273,0.01047674,0.001345636,0.002066513,0.015042291,0.000336409,0.106257209,0.027489427,0.000144175,0.000240292,0.000816993,0.000192234,,,0.000480584,0.001874279,,0.012639369,0.008746636,4.81E-05,FALSE
0.000144175,4.81E-05,4.81E-05,0.0037005,0.012975779,0.001297578,0.003364091,0.016435986,0.000384468,0.110918877,0.036908881,9.61E-05,0.000192234,0.000480584,0.000192234,,,0.000768935,0.002018454,,0.012062668,0.010813149,4.81E-05,FALSE
9.61E-05,,0.000432526,0.003556324,0.009515571,0.001153403,0.002114571,0.014705882,0.000432526,0.095155709,0.027345252,9.61E-05,0.000240292,0.00062476,0.000288351,,4.81E-05,0.000720877,0.002354864,,0.010620915,0.008073818,,FALSE
0.000144175,4.81E-05,4.81E-05,0.0037005,0.012543253,0.001297578,0.003219915,0.016387928,0.000480584,0.11082276,0.037004998,4.81E-05,0.000192234,0.000480584,0.000192234,,,0.000865052,0.002114571,,0.012062668,0.010861207,4.81E-05,FALSE
9.61E-05,,0.000144175,0.001874279,0.007064591,0.000432526,0.001489812,0.00831411,0.000432526,0.059207997,0.015618993,9.61E-05,4.81E-05,0.000240292,0.000288351,,,0.000816993,0.001249519,,0.007208766,0.00461361,,FALSE
6.55E-05,0.000131027,0.001637841,0.007534067,0.058307128,0.001703354,0.010678721,0.100235849,0.002358491,0.511071803,0.126768868,0.001048218,0.000982704,0.000786164,0.001768868,,,0.005896226,0.010547694,,0.063613732,0.043238994,6.55E-05,FALSE
6.55E-05,6.55E-05,0.000524109,0.005634172,0.018212788,0.000917191,0.00379979,0.028760482,0.000458595,0.161294549,0.038325472,0.000458595,0.000458595,0.000393082,0.000524109,,,0.00072065,0.004913522,,0.020178197,0.012906184,6.55E-05,FALSE
0.000131027,,0.000458595,0.001899895,0.024109015,0.001048218,0.004192872,0.041404612,0.000851677,0.213246855,0.04841457,0.001179245,0.000982704,0.000327568,0.000786164,,,0.002096436,0.004061845,,0.028629455,0.01932652,,FALSE
,,6.55E-05,0.0028826,0.00740304,0.000327568,0.000851677,0.010220126,0.000262055,0.051952306,0.011333857,0.000327568,0.000262055,0.000393082,,,,0.000524109,0.001834382,,0.006616876,0.004716981,,FALSE
6.48E-05,3.24E-05,3.24E-05,0.000939971,0.007811487,6.48E-05,0.001523402,0.010080384,0.000324128,0.059898872,0.015785038,,0.000194477,0.000875146,0.000129651,,,0.000518605,0.001199274,0.000194477,0.010307273,0.003954363,,FALSE
0.000194477,,0.001555815,0.014812654,0.038733307,0.001296512,0.007260469,0.054583171,0.001231687,0.289122261,0.070886814,0.000291715,0.000680669,0.001069623,0.000939971,3.24E-05,,0.002625438,0.008394918,3.24E-05,0.037404382,0.027518475,,FALSE
,,,0.000842733,0.002463374,,0.000453779,0.004019188,0.000129651,0.019285622,0.014358875,,,0.000324128,9.72E-05,,,0.000356541,0.000518605,3.24E-05,0.003144043,0.001555815,,FALSE
9.72E-05,6.48E-05,6.48E-05,0.002463374,0.010210035,0.000162064,0.001458576,0.014326462,0.000713082,0.075651497,0.021489693,0.000194477,3.24E-05,0.000486192,0.000291715,,,0.001458576,0.001879943,3.24E-05,0.010469337,0.006547388,,FALSE
6.48E-05,6.48E-05,0.000129651,0.001879943,0.009626604,0.000291715,0.001685466,0.01280306,0.000421367,0.066867626,0.018637365,0.00022689,9.72E-05,0.000486192,0.00022689,,,0.000875146,0.001653053,6.48E-05,0.010080384,0.005834306,3.24E-05,FALSE
9.72E-05,,0.000162064,0.002236484,0.009529366,0.000291715,0.00207442,0.013775444,0.000194477,0.075165305,0.019220796,0.000162064,0.000194477,0.000421367,0.000259302,,,0.000615843,0.001782705,3.24E-05,0.011441722,0.005737067,,FALSE
1.20E-05,,4.20E-05,0.000312245,0.002353845,6.61E-05,0.000396311,0.002864246,0.000132104,0.016014555,0.003782966,9.01E-05,4.20E-05,6.00E-05,4.20E-05,,,0.000162127,0.00040832,,0.002527982,0.001495172,,FALSE
6.00E-06,,,0.000192151,0.000258202,,1.80E-05,0.000324254,2.40E-05,0.00184945,0.000660518,1.20E-05,,2.40E-05,,,,3.60E-05,6.61E-05,,0.000216169,0.000120094,,FALSE
,,,0.000198155,0.000264207,,2.40E-05,0.00031825,3.00E-05,0.001885478,0.000690541,1.20E-05,,2.40E-05,,,,4.20E-05,7.81E-05,,0.000222174,0.000126099,,FALSE
4.80E-05,1.80E-05,0.000228179,0.00288226,0.007463852,9.01E-05,0.001309026,0.011769227,0.000192151,0.059536677,0.015414085,7.21E-05,0.000144113,0.000336264,0.000270212,,,0.000444348,0.001525196,,0.008196426,0.005518326,,FALSE
6.00E-06,,,0.000492386,0.000384301,6.00E-06,3.00E-05,0.00052241,1.20E-05,0.002708123,0.000900706,1.80E-05,,5.40E-05,1.20E-05,,,3.00E-05,0.00010208,,0.00030624,0.000264207,,FALSE
3.00E-05,1.80E-05,0.000192151,0.000804631,0.007127588,0.000228179,0.001423116,0.009931787,0.000210165,0.051898689,0.01561224,0.000132104,0.000192151,0.000972763,0.000210165,,,0.00042033,0.001477158,,0.007848153,0.004911851,,FALSE
,,,0.000216169,0.000246193,,1.80E-05,0.00031825,1.20E-05,0.001861459,0.000648508,1.20E-05,,3.60E-05,,,,2.40E-05,7.81E-05,,0.000234184,0.000120094,,FALSE
,,,0.000222174,0.000252198,,1.80E-05,0.00031825,3.60E-05,0.001861459,0.000654513,1.20E-05,,2.40E-05,,,,4.80E-05,7.81E-05,,0.000222174,0.000126099,,FALSE
3.00E-05,1.80E-05,0.000168132,0.000924725,0.008935005,0.000432339,0.001861459,0.013594658,0.000348273,0.06706658,0.021226642,0.000108085,0.000276217,0.001639285,0.00010208,,,0.000480377,0.001813422,,0.010220012,0.006563146,,FALSE
2.40E-05,3.60E-05,0.000156122,0.000642504,0.007926214,0.000222174,0.001699332,0.0116071,0.000258202,0.060569486,0.017269539,0.00010208,0.000180141,0.000972763,0.000192151,,,0.000432339,0.001399097,,0.00894101,0.005704472,,FALSE
1.20E-05,6.00E-06,6.00E-06,0.000294231,0.001050824,5.40E-05,0.000150118,0.00132704,6.00E-05,0.007523899,0.002173704,1.20E-05,,2.40E-05,1.20E-05,,,0.000120094,0.000168132,,0.001146899,0.000684537,6.00E-06,FALSE
,,1.20E-05,0.000348273,0.000984772,6.00E-06,0.000228179,0.00133905,9.61E-05,0.007746073,0.002011577,1.20E-05,1.80E-05,3.00E-05,2.40E-05,,,0.000132104,0.000246193,,0.001206946,0.000504395,,FALSE
8.53E-05,,8.53E-05,0.002644149,0.008017741,0.000255885,0.000597066,0.0069942,0.00017059,0.043159331,0.0139884,0.00017059,0.000255885,0.00034118,8.53E-05,,,0.000426476,0.001108837,,0.006311839,0.004605937,,FALSE
8.53E-05,,8.53E-05,0.004094166,0.006738315,0.00017059,0.000597066,0.005203002,,0.041624019,0.012026612,0.00017059,0.00017059,0.000255885,8.53E-05,,,0.000255885,0.000852951,,0.005629478,0.004435346,,FALSE
,8.53E-05,,0.001450017,0.003923576,,0.001023541,0.005544183,0.000255885,0.038126919,0.011685432,8.53E-05,,0.00034118,,,,0.000426476,8.53E-05,8.53E-05,0.004776527,0.002985329,,FALSE
8.53E-05,,8.53E-05,0.004179461,0.008188332,0.00017059,0.000852951,0.007250085,,0.046997612,0.013135449,0.000255885,0.000255885,0.00034118,0.000255885,,,0.00034118,0.001535312,,0.006397134,0.005544183,,FALSE
0.00034118,,0.002302968,0.015438417,0.04964176,0.001535312,0.007420676,0.07378028,0.001194132,0.368816104,0.133486865,0.000426476,0.000767656,0.004947117,0.001108837,8.53E-05,,0.003241215,0.011344251,,0.048021153,0.038041624,,FALSE
,,,0.001279427,0.003752985,,0.001108837,0.005800068,0.00017059,0.039662231,0.011344251,8.53E-05,,0.000511771,,,,0.00034118,0.00034118,,0.004264756,0.002985329,,FALSE
,,,0.001252191,0.003422656,,0.001252191,0.005509642,0.000250438,0.038901411,0.010852325,8.35E-05,,0.000417397,,,,0.000333918,0.000500877,,0.004007012,0.002587862,,FALSE
,,,0.001252191,0.003673095,,0.001085232,0.005509642,0.000166959,0.038734452,0.010852325,8.35E-05,,0.000584356,,,,0.000250438,0.000417397,,0.004173971,0.002754821,,FALSE
,,,0.001168712,0.003088739,,0.001168712,0.005259204,0.000166959,0.039318808,0.011269722,8.35E-05,,0.000417397,,,,0.000250438,0.000417397,,0.004090492,0.002420903,,FALSE
,,,0.001252191,0.003088739,,0.001168712,0.005426162,0.000250438,0.037983137,0.011019284,8.35E-05,,0.000417397,,,,0.000333918,0.000417397,,0.004007012,0.002504383,,FALSE
8.35E-05,,,0.001168712,0.003339177,,0.001168712,0.005593121,0.000250438,0.038317055,0.010852325,8.35E-05,,0.000417397,,,,0.000333918,0.000417397,,0.004007012,0.002754821,,FALSE
,,,0.001252191,0.003339177,,0.001252191,0.005426162,0.000333918,0.038317055,0.010852325,8.35E-05,,0.000417397,,,,0.000417397,0.000333918,,0.003923533,0.002671342,,FALSE
8.35E-05,,,0.001168712,0.003339177,,0.00141915,0.005593121,0.000333918,0.039652726,0.011102763,8.35E-05,,0.000417397,,,,0.000417397,0.000333918,,0.004173971,0.002504383,,FALSE
,,,0.001252191,0.003255697,,0.001168712,0.005342683,0.000250438,0.03898489,0.011019284,0.000250438,,0.000500877,8.35E-05,,,0.000333918,0.000584356,,0.004090492,0.002504383,,FALSE
,8.35E-05,,0.00141915,0.003339177,,0.001001753,0.005509642,0.000166959,0.036897905,0.011019284,0.000166959,,0.000333918,,,,0.000250438,0.000333918,8.35E-05,0.004674848,0.0028383,,FALSE
,,,0.001168712,0.003339177,,0.001168712,0.005593121,0.000250438,0.037899658,0.010935804,8.35E-05,,0.000417397,,,,0.000333918,0.000417397,,0.003840053,0.002671342,,FALSE
,,,0.001168712,0.00292178,,0.001252191,0.005259204,0.000250438,0.038150096,0.011019284,8.35E-05,,0.000417397,,,,0.000333918,0.000500877,,0.004007012,0.002420903,,FALSE
6.55E-06,1.96E-05,0.000124447,0.000694281,0.005246404,0.000157196,0.000890775,0.008108675,0.000117897,0.043431843,0.010925096,7.86E-05,7.20E-05,6.55E-05,0.000124447,,,0.000203044,0.000975923,,0.005704891,0.004054337,,FALSE
,,6.55E-06,0.000392989,0.00070738,1.31E-05,0.000137546,0.001061071,3.93E-05,0.005862087,0.001571956,6.55E-06,6.55E-06,6.55E-06,2.62E-05,,,4.58E-05,0.000124447,,0.00071393,0.000543635,6.55E-06,FALSE
6.55E-06,2.62E-05,0.000124447,0.000871126,0.006955907,0.000242343,0.001218266,0.010466609,0.000163745,0.054874374,0.011959968,0.000144096,0.000170295,6.55E-05,0.000150646,,,0.000294742,0.001309964,,0.007519191,0.005102308,6.55E-06,FALSE
1.96E-05,,3.27E-05,0.000288192,0.002371034,2.62E-05,0.000399539,0.002953968,3.93E-05,0.017173623,0.004447326,1.96E-05,4.58E-05,4.58E-05,3.27E-05,,,5.89E-05,0.000340591,,0.002213838,0.001716052,,FALSE
1.31E-05,6.55E-06,9.82E-05,0.000491236,0.003753046,6.55E-05,0.000628783,0.005790039,8.51E-05,0.029015693,0.006412272,6.55E-05,6.55E-05,5.24E-05,0.000104797,,,0.000189945,0.000530535,,0.003851293,0.002986717,,FALSE
7.86E-05,3.27E-05,0.000170295,0.000805628,0.009857476,0.000281642,0.001984595,0.014226205,0.000189945,0.076541172,0.019479158,0.000104797,0.000248893,0.00035369,0.000176845,,,0.000314391,0.001408211,,0.012143362,0.006883859,,FALSE
3.93E-05,2.62E-05,0.000189945,0.001205166,0.012012366,0.000510886,0.002305536,0.016616888,0.000307841,0.090230292,0.025491891,0.000222694,0.000275092,0.000543635,0.000294742,,,0.000576384,0.0018143,,0.012359506,0.008593361,,FALSE
5.89E-05,3.27E-05,0.000163745,0.003039116,0.010473159,0.000497786,0.002056643,0.015044932,0.000406089,0.078663313,0.02016034,0.000170295,0.000261993,0.000314391,0.000261993,,,0.000668081,0.001493358,,0.01150803,0.007604339,6.55E-06,FALSE
,,1.96E-05,0.000406089,0.000930074,3.27E-05,0.000176845,0.001368912,1.31E-05,0.00756504,0.001820849,1.31E-05,1.31E-05,1.96E-05,2.62E-05,,,1.96E-05,0.000170295,,0.000943174,0.000654982,6.55E-06,FALSE
0.000437637,,0.001203501,0.003063457,0.034135667,0.001531729,0.007658643,0.060503282,0.00131291,0.290153173,0.073632385,0.000656455,0.000875274,0.001094092,0.000656455,,,0.003391685,0.006126915,,0.039496718,0.025273523,,FALSE
0.000328228,,0.000218818,0.002625821,0.021444201,0.002297593,0.003391685,0.031181619,0.000656455,0.187089716,0.042997812,0.000328228,0.000218818,0.000875274,0.000437637,,,0.00131291,0.005142232,,0.024726477,0.014660832,,FALSE
0.000437637,,0.000328228,0.003829322,0.034901532,0.001422319,0.00678337,0.043982495,0.001531729,0.253501094,0.076477024,0.000218818,0.000765864,0.00131291,0.001203501,0.000109409,,0.00273523,0.00678337,,0.035776805,0.020568928,,FALSE
0.000109409,,0.000437637,0.002078775,0.023960613,0.000875274,0.004595186,0.035010941,0.000984683,0.204376368,0.060065646,0.000437637,0.000547046,0.001422319,0.001094092,0.000218818,,0.001531729,0.004485777,,0.029431072,0.015973742,,FALSE
0.000318827,,0.0023912,0.006057708,,0.0023912,0.010680695,0.00047824,0.073170732,0.021201977,0.000159413,FALSE,0.000797067,,,,0.000797067,0.000637653,,0.008130081,0.005101227,,,FALSE
0.001594134,0.00286944,0.055954089,0.113342898,0.00286944,0.02279611,0.190180137,0.003666507,1.004941814,0.507253308,0.000797067,FALSE,0.001594134,0.003507094,0.000318827,,0.008608321,0.035070939,,0.128008927,0.078431373,,,FALSE
,,0.025346724,0.008927148,0.00047824,0.001115894,0.011158935,0.001115894,0.060098836,0.131197194,,FALSE,0.000159413,0.00047824,,,0.00143472,0.006535948,,0.003825921,0.004304161,,,FALSE
2.39E-05,,0.000131379,0.000776333,0.005064077,0.000179154,0.000740502,0.007321414,0.000346364,0.03440945,0.011262795,8.36E-05,0.000143323,0.000214984,0.000107492,,,0.000597179,0.001003261,,0.004514673,0.003033669,,FALSE
1.19E-05,,,0.000847994,0.001397399,5.97E-05,0.000179154,0.002448434,0.000119436,0.009483201,0.003117274,4.78E-05,2.39E-05,0.000143323,3.58E-05,,,0.000155267,0.000274702,,0.001552665,0.000943543,,FALSE
2.39E-05,2.39E-05,8.36E-05,0.000991317,0.005732918,0.000107492,0.000859938,0.007512511,0.000346364,0.039592963,0.01121502,5.97E-05,8.36E-05,0.000179154,0.000119436,,1.19E-05,0.000680784,0.001003261,,0.004287745,0.003702509,,FALSE
2.39E-05,,8.36E-05,0.00063301,0.003977212,0.000155267,0.000537461,0.00584041,0.000226928,0.029297598,0.0082769,9.55E-05,9.55E-05,7.17E-05,7.17E-05,,,0.000429969,0.000764389,,0.004490786,0.002854515,,FALSE
9.55E-05,1.19E-05,0.000513574,0.002042352,0.011573328,0.000226928,0.001982634,0.018727531,0.000441912,0.092108878,0.025069571,5.97E-05,0.000262759,0.000322477,0.000298589,,,0.000943543,0.002293167,,0.012134676,0.008706869,,FALSE
0.00016721,1.19E-05,0.00016721,0.000812163,0.005983733,0.000179154,0.001146584,0.00861132,0.000394138,0.047869863,0.012528814,7.17E-05,0.000107492,0.000179154,0.000143323,,1.19E-05,0.000680784,0.001242132,,0.005302949,0.003893607,,FALSE
1.19E-05,1.19E-05,5.97E-05,0.000847994,0.005601538,0.000107492,0.000883825,0.007631947,0.000441912,0.041229233,0.01151361,8.36E-05,7.17E-05,0.000131379,0.000119436,,1.19E-05,0.000680784,0.000943543,,0.00420414,0.003798058,,FALSE
1.19E-05,1.19E-05,0.000107492,0.000656897,0.005386554,0.000143323,0.001254076,0.007428906,0.000286646,0.043104375,0.011059754,5.97E-05,5.97E-05,0.000310533,0.000131379,1.19E-05,1.19E-05,0.00063301,0.000716615,,0.004777431,0.003606961,,FALSE
7.17E-05,,7.17E-05,0.000979373,0.006330097,0.000274702,0.001039091,0.009865396,0.000310533,0.044645097,0.016302985,9.55E-05,0.000155267,0.000274702,0.000274702,,,0.000740502,0.001361568,,0.005888184,0.00407276,,FALSE
9.09E-05,,0.000246651,0.001791463,0.005789802,0.00032454,0.000947658,0.00898328,0.000337522,0.049550836,0.015655831,9.09E-05,0.000129816,0.000103853,0.000207706,,,0.00048032,0.001635684,,0.006477827,0.003868522,,FALSE
2.60E-05,,9.09E-05,0.000428393,0.004530585,0.000194724,0.000830824,0.005478243,0.000298577,0.032311247,0.007386541,,6.49E-05,0.000363485,0.000194724,,,0.000467338,0.000765915,,0.004361824,0.002557379,1.30E-05,FALSE
0.000103853,,0.00048032,0.002868938,0.010657908,0.000454357,0.001492886,0.015746703,0.000895732,0.084692076,0.023457784,0.000168761,0.000181743,0.000376467,0.000246651,,1.30E-05,0.001220272,0.002258802,,0.010281441,0.006685533,,FALSE
0.000103853,,0.000116835,0.001505868,0.003284349,0.000272614,0.000389449,0.004881088,0.000155779,0.027962405,0.00842507,2.60E-05,9.09E-05,5.19E-05,3.89E-05,1.30E-05,1.30E-05,0.000233669,0.000869768,,0.003297331,0.002258802,,FALSE
,2.60E-05,0.000142798,0.002661232,0.008269291,0.000389449,0.001752518,0.01324125,0.00055821,0.064271991,0.01644771,0.000272614,0.000129816,0.000207706,0.000207706,,,0.001168346,0.001895316,,0.008308236,0.005724894,,FALSE
,1.30E-05,0.000129816,0.001895316,0.007347596,0.000311559,0.001492886,0.011826254,0.000519265,0.057002285,0.014370651,0.000181743,0.000129816,0.000194724,0.000181743,,,0.001116419,0.001570776,,0.007321633,0.005166684,,FALSE
0.000103853,,0.000415412,0.005361408,0.013786478,0.00040243,0.002842974,0.021575449,0.00055821,0.106358397,0.025054523,0.000129816,0.000116835,0.000272614,0.000298577,,,0.001466923,0.003063662,,0.014227853,0.010060754,,FALSE
1.30E-05,,5.19E-05,0.000207706,0.002817011,9.09E-05,0.00040243,0.004050265,0.000168761,0.021964898,0.005763838,2.60E-05,9.09E-05,0.000233669,0.000103853,,,0.000246651,0.000519265,,0.00272614,0.001739537,,FALSE
0.000342747,,0.000562106,0.007485605,0.013984097,0.001028242,0.002125034,0.01891966,0.001014532,0.106333973,0.032519879,0.000137099,0.000233068,0.000808884,0.000479846,,,0.001809707,0.003125857,,0.015437346,0.010186455,4.11E-05,FALSE
1.37E-05,,4.11E-05,0.000466137,0.002166164,5.48E-05,0.000589526,0.002892789,0.000137099,0.016822046,0.005593639,6.85E-05,6.85E-05,0.000178229,6.85E-05,,,0.000178229,0.000438717,,0.001768577,0.00128873,,FALSE
4.11E-05,,4.11E-05,0.000891143,0.003043597,9.60E-05,0.000575816,0.00542912,0.000205648,0.02567864,0.007060598,8.23E-05,9.60E-05,0.000150809,0.000137099,,,0.000287908,0.000712915,,0.003139567,0.002029065,,FALSE
4.11E-05,,1.37E-05,0.000891143,0.002577461,4.11E-05,0.000479846,0.003783932,5.48E-05,0.01893337,0.004798464,5.48E-05,6.85E-05,0.000397587,5.48E-05,,,0.000109679,0.000534686,,0.002632301,0.00139841,,FALSE
2.74E-05,,1.37E-05,0.000603236,0.002618591,0.000219358,0.000822594,0.003660543,9.60E-05,0.019454346,0.006004936,5.48E-05,9.60E-05,0.000219358,4.11E-05,,,0.000178229,0.000493556,,0.002508911,0.00135728,,FALSE
0.000274198,,0.000534686,0.00538799,0.012887305,0.000904853,0.002289553,0.018453523,0.000863724,0.100150809,0.029188374,0.000178229,0.000191939,0.000616945,0.000329038,,,0.001576638,0.002961338,,0.013600219,0.009350151,1.37E-05,FALSE
1.37E-05,,1.37E-05,0.000945983,0.001055662,2.74E-05,0.000205648,0.001466959,8.23E-05,0.007979161,0.002412942,2.74E-05,,0.000150809,2.74E-05,,,0.000109679,0.000260488,,0.000795174,0.000740335,,FALSE
1.37E-05,,1.37E-05,0.000795174,0.003633123,0.000137099,0.000452427,0.005017823,0.000150809,0.02703592,0.007088018,6.85E-05,0.000137099,0.000123389,9.60E-05,,,0.000233068,0.000808884,,0.003537154,0.002481492,1.37E-05,FALSE
,1.37E-05,,0.000233068,0.000520976,,0.000150809,0.000918563,2.74E-05,0.006142035,0.001809707,1.37E-05,,5.48E-05,,,,4.11E-05,4.11E-05,1.37E-05,0.000781464,0.000438717,,FALSE
1.37E-05,,1.37E-05,0.001000823,0.001041952,2.74E-05,0.000233068,0.001535509,4.11E-05,0.007636413,0.002330683,2.74E-05,1.37E-05,0.000150809,2.74E-05,,,9.60E-05,0.000315328,,0.000781464,0.000699205,,FALSE
,,,0.00130818,0.002237676,6.89E-05,0.000722941,0.002995043,0.000344258,0.021998072,0.005749105,0.000103277,,3.44E-05,3.44E-05,,,0.000344258,0.000344258,,0.002650785,0.001377031,,FALSE
0.000413109,6.89E-05,0.00024098,0.007849077,0.017488295,0.000550812,0.002547508,0.021722666,0.001342605,0.129509777,0.031534013,0.000137703,0.000413109,0.000378684,0.000309832,,,0.001824566,0.003132746,,0.015044065,0.011360507,3.44E-05,FALSE
3.44E-05,,3.44E-05,0.001583586,0.005714679,0.000206555,0.000826219,0.00530157,0.000413109,0.039899477,0.013391628,3.44E-05,,,0.000103277,,6.89E-05,0.000722941,0.000757367,,0.004372074,0.003029468,,FALSE
0.000172129,,0.000103277,0.00285734,0.018039108,0.000447535,0.001136051,0.020586615,0.003304875,0.098595428,0.053463233,3.44E-05,0.000206555,0.00024098,0.000137703,3.44E-05,,0.003717984,0.003373726,,0.01019003,0.006575324,,FALSE
0.000137703,,3.44E-05,0.002891765,0.005439273,0.00024098,0.001273754,0.006988433,0.000137703,0.047886257,0.01173919,3.44E-05,0.000172129,0.000137703,3.44E-05,,,0.000275406,0.001445883,,0.005921234,0.003477004,3.44E-05,FALSE
3.44E-05,,6.89E-05,0.00220325,0.004819609,0.000172129,0.001239328,0.008193335,0.00089507,0.047060039,0.014321124,0.000103277,0.000103277,0.000137703,0.00024098,,,0.001445883,0.00130818,,0.006162214,0.003201597,,FALSE
,,,0.001032773,0.002065547,6.89E-05,0.000688516,0.003063894,0.000413109,0.021240705,0.005680253,0.000103277,,3.44E-05,3.44E-05,,,0.000413109,0.000309832,,0.002650785,0.001377031,,FALSE
,,,0.001273754,0.001824566,0.000137703,0.000447535,0.003132746,0.000378684,0.017832553,0.005611402,6.89E-05,3.44E-05,3.44E-05,3.44E-05,,,0.000378684,0.000309832,,0.002616359,0.001067199,,FALSE
,,,,,,,,,,,,,,,,,,,,,,,FALSE
3.42E-05,,2.73E-05,0.000587773,0.004968732,8.20E-05,0.001045689,0.006226293,9.57E-05,0.036489765,0.009185661,5.47E-05,0.00016403,0.00016403,0.000116188,,,0.000232375,0.000758637,,0.005467655,0.002986707,6.83E-06,FALSE
6.83E-06,6.83E-06,7.52E-05,0.000963674,0.005057581,0.000170864,0.000881659,0.006499675,0.000102519,0.036851997,0.00967775,9.57E-05,0.000143526,6.83E-05,0.000116188,6.83E-06,,0.000266548,0.000806479,,0.005453986,0.003219082,,FALSE
,,,0.000211872,0.000601442,,9.57E-05,0.000697126,4.10E-05,0.003909374,0.001127704,2.05E-05,6.83E-06,2.73E-05,6.83E-06,,,4.78E-05,0.000109353,,0.000649284,0.000300721,,FALSE
2.73E-05,,0.000170864,0.000464751,0.004784198,0.000170864,0.00086799,0.00698493,0.000184533,0.038205242,0.00880976,7.52E-05,0.000116188,0.000143526,0.000102519,6.83E-06,,0.000293886,0.000820148,,0.005754707,0.00326009,,FALSE
2.73E-05,6.83E-06,5.47E-05,0.001339576,0.005098589,0.000129857,0.001127704,0.006950757,0.000177699,0.038184738,0.009397533,8.88E-05,0.000157195,0.000608277,0.000109353,,,0.000287052,0.00095684,6.83E-06,0.005501828,0.003068722,6.83E-06,FALSE
1.37E-05,,2.73E-05,0.00038957,0.003389946,4.78E-05,0.000779141,0.004237433,7.52E-05,0.024214879,0.006246796,4.10E-05,8.20E-05,0.000129857,8.88E-05,,,0.000184533,0.000464751,,0.003512969,0.00198886,,FALSE
7.52E-05,,0.000102519,0.00127123,0.006773058,0.000170864,0.001325906,0.008905444,0.000218706,0.050124731,0.012356901,0.000136691,0.000198203,0.000293886,0.000170864,,,0.000464751,0.001209719,,0.007217305,0.00420326,,FALSE
2.05E-05,,4.10E-05,0.000902163,0.004346786,0.000123022,0.000950005,0.006301473,0.000136691,0.034835799,0.008105799,0.000109353,0.000123022,8.20E-05,0.000177699,,,0.000266548,0.000977343,,0.005037078,0.002802173,,FALSE
,,,0.000225541,0.000512593,,7.52E-05,0.000676622,3.42E-05,0.00372484,0.001059358,2.05E-05,6.83E-06,2.05E-05,,,,4.78E-05,8.88E-05,,0.000621946,0.000287052,,FALSE
6.83E-06,6.83E-06,6.83E-06,0.000382736,0.000799645,3.42E-05,0.000109353,0.001073027,4.78E-05,0.00587773,0.001694973,2.73E-05,1.37E-05,4.78E-05,2.05E-05,,,7.52E-05,0.000123022,,0.000915832,0.000471585,,FALSE
6.83E-06,,6.83E-06,0.000218706,0.000635615,,6.15E-05,0.000799645,1.37E-05,0.004572327,0.001243892,2.05E-05,1.37E-05,2.05E-05,1.37E-05,,,2.73E-05,8.20E-05,,0.000861156,0.000355398,,FALSE
,,,0.000225541,0.000580938,,8.20E-05,0.000724464,4.10E-05,0.00412808,0.001189215,2.05E-05,6.83E-06,2.05E-05,6.83E-06,,,6.15E-05,0.000143526,,0.000656119,0.00031439,,FALSE
,7.00E-06,0.000251916,0.001182604,8.40E-05,0.00020993,0.001756412,8.40E-05,0.008880025,0.002624121,3.50E-05,FALSE,7.00E-05,2.80E-05,,,,0.000146951,0.000307897,,0.000986669,0.000790735,1.40E-05,FALSE
,1.40E-05,0.000230923,0.001315559,8.40E-05,0.000181939,0.002183269,6.30E-05,0.011378188,0.003099962,2.80E-05,FALSE,8.40E-05,2.80E-05,,,,7.70E-05,0.000321892,,0.00134355,0.000846716,1.40E-05,FALSE
7.00E-06,,0.000475841,0.000748749,3.50E-05,9.80E-05,0.001126623,5.60E-05,0.005661104,0.001868374,2.80E-05,FALSE,7.00E-05,7.00E-06,,,,7.00E-05,0.000230923,,0.000727756,0.00044785,7.00E-06,FALSE
,7.00E-06,0.000251916,0.001707428,7.70E-05,0.00023792,0.002680102,0.000146951,0.014492145,0.004282565,4.20E-05,FALSE,0.000223925,6.30E-05,,,,0.000174941,0.00035688,,0.002071306,0.000993667,1.40E-05,FALSE
2.10E-05,4.20E-05,0.00056681,0.004163605,0.000153948,0.000748749,0.006115951,0.000216927,0.031699381,0.00832721,4.90E-05,FALSE,0.00032889,0.000132955,,,,0.000377873,0.000783737,2.10E-05,0.004184598,0.002855044,1.40E-05,FALSE
7.00E-06,4.20E-05,0.000538819,0.004051643,0.000153948,0.000748749,0.006101956,0.000230923,0.031734369,0.008642105,7.00E-05,FALSE,0.000349883,0.00011896,,,,0.000391869,0.000797733,2.10E-05,0.004212589,0.002792065,1.40E-05,FALSE
7.00E-06,4.90E-05,0.000552815,0.004184598,0.00020993,0.000853714,0.006318883,0.000174941,0.032525104,0.008222246,5.60E-05,FALSE,0.000419859,0.000174941,2.10E-05,,,0.000342885,0.000643784,1.40E-05,0.004198593,0.00271509,1.40E-05,FALSE
7.00E-06,,0.000398866,0.001399531,7.70E-05,0.000370876,0.001994332,0.000174941,0.011623106,0.003638781,2.80E-05,FALSE,0.000132955,7.00E-06,,,,0.000258913,0.000349883,,0.001336552,0.000790735,7.00E-06,FALSE
,,0.000384871,0.000825723,3.50E-05,9.10E-05,0.001154613,9.10E-05,0.006136944,0.002323222,2.80E-05,FALSE,9.10E-05,7.00E-06,,,,0.000104965,0.000244918,,0.000769742,0.000475841,7.00E-06,FALSE
7.00E-06,3.50E-05,0.000496834,0.001490501,7.00E-05,0.000321892,0.002603128,7.70E-05,0.013540464,0.004436514,4.90E-05,FALSE,0.000216927,2.10E-05,,,,0.000104965,0.000440852,,0.001742416,0.000930688,1.40E-05,FALSE
,2.80E-05,0.00023792,0.001350548,0.000139953,0.000307897,0.002470172,0.000230923,0.013533466,0.004065638,2.80E-05,FALSE,0.000188937,3.50E-05,7.00E-06,,,0.000251916,0.000342885,,0.001931353,0.0008957,1.40E-05,FALSE
,5.60E-05,0.000370876,0.001511494,9.10E-05,0.000258913,0.002554144,0.000125958,0.014289213,0.005171268,3.50E-05,FALSE,0.000272909,5.60E-05,,,7.00E-06,0.000132955,0.000454848,,0.0017914,0.000881705,1.40E-05,FALSE
7.00E-06,3.50E-05,0.000286904,0.001938351,9.10E-05,0.000307897,0.003050978,0.000174941,0.015653756,0.005206256,2.80E-05,FALSE,0.000160946,4.20E-05,,,,0.000195934,0.000475841,,0.002092299,0.00113362,1.40E-05,FALSE
,1.40E-05,0.000279906,0.001602463,5.60E-05,0.000370876,0.00280606,0.000160946,0.013827368,0.003988664,3.50E-05,FALSE,9.80E-05,5.60E-05,7.00E-06,,,0.000160946,0.000349883,,0.001728421,0.000909695,1.40E-05,FALSE
1.40E-05,2.10E-05,0.000286904,0.001896365,0.00011896,0.000251916,0.003085966,0.000174941,0.015989643,0.004779399,4.20E-05,FALSE,0.00020993,3.50E-05,,,,0.000216927,0.000363878,,0.002092299,0.001161611,1.40E-05,FALSE
9.04E-05,,,0.002936526,0.004111136,0.000225887,0.000496951,0.004924328,0.000406596,0.026338378,0.012152699,,4.52E-05,0.000496951,0.000180709,,,,0.000451773,0.000813192,,0.003749718,0.002439575,FALSE
9.04E-05,,0.000225887,0.002846171,0.01129433,0.000722837,0.001897447,0.016805963,0.000858369,0.086153151,0.027061215,0.000180709,0.000271064,0.000451773,0.000451773,4.52E-05,4.52E-05,,0.001310142,0.002665462,,0.012243054,0.00826745,FALSE
9.04E-05,,0.000225887,0.003569008,0.011429862,0.000406596,0.002032979,0.017167382,0.000858369,0.082493788,0.027422634,0.000180709,0.000271064,0.000632482,0.000587305,,9.04E-05,,0.00135532,0.002936526,,0.01079738,0.007499435,FALSE
4.52E-05,,0.000135532,0.004337023,0.009216173,0.000361419,0.001400497,0.012920714,0.000587305,0.066365485,0.021097809,0.000180709,0.000135532,0.000496951,0.000406596,,4.52E-05,,0.000948724,0.002394398,,0.00894511,0.007273549,FALSE
0.000406596,9.04E-05,0.000542128,0.033114976,0.04806867,0.000993901,0.007454258,0.072193359,0.002620285,0.383374746,0.140591823,0.000451773,0.000316241,0.004201491,0.001445674,,4.52E-05,,0.004020782,0.013282132,,0.051231082,0.036412921,FALSE
4.53E-05,4.53E-05,0.000347432,0.00358006,0.000135952,0.000347432,0.005120846,0.000302115,0.029909366,0.008942598,7.55E-05,FALSE,0.000151057,9.06E-05,,,0.000468278,0.000649547,,0.004048338,0.002703927,1.51E-05,,FALSE
1.51E-05,9.06E-05,0.000740181,0.005317221,7.55E-05,0.000951662,0.007809668,0.000166163,0.040407855,0.009833837,6.04E-05,FALSE,0.000438066,4.53E-05,,,0.000332326,0.000845921,,0.005166163,0.00397281,,,FALSE
,6.04E-05,0.000543807,0.004728097,0.000196375,0.000740181,0.005377644,0.000166163,0.035589124,0.008595166,4.53E-05,FALSE,9.06E-05,7.55E-05,,,0.000256798,0.000377644,,0.004486405,0.003549849,,,FALSE
1.51E-05,1.51E-05,0.000770393,0.001873112,4.53E-05,0.000256798,0.002311178,0.000120846,0.012809668,0.003776435,4.53E-05,FALSE,0.00010574,4.53E-05,,,0.000166163,0.000317221,,0.001676737,0.001465257,,,FALSE
,1.51E-05,0.000438066,0.002009063,3.02E-05,0.00021148,0.002250755,0.000135952,0.012779456,0.003957704,3.02E-05,FALSE,9.06E-05,1.51E-05,,,0.00021148,0.000347432,,0.001691843,0.001404834,,,FALSE
3.02E-05,0.00010574,0.000483384,0.003625378,7.55E-05,0.00060423,0.005075529,7.55E-05,0.027613293,0.007265861,6.04E-05,FALSE,0.00010574,9.06E-05,,,0.000151057,0.000543807,,0.004244713,0.002673716,,,FALSE
3.02E-05,0.000271903,0.002099698,0.008927492,0.000241692,0.00163142,0.013791541,0.000317221,0.073897281,0.018791541,0.000151057,FALSE,0.000166163,0.000271903,,,0.00081571,0.001978852,,0.009954683,0.006616314,,,FALSE
,0.000181269,0.000362538,0.007960725,0.000287009,0.001495468,0.011767372,0.000196375,0.065861027,0.015830816,0.000120846,FALSE,0.000181269,0.000120846,,,0.000634441,0.001208459,,0.008746224,0.006314199,,,FALSE
1.51E-05,0.000166163,0.000558912,0.004123867,0.00010574,0.000619335,0.005135952,0.000120846,0.033670695,0.008761329,6.04E-05,FALSE,0.000135952,7.55E-05,,,0.000226586,0.000755287,,0.004471299,0.003036254,,,FALSE
3.02E-05,4.53E-05,0.000770393,0.003957704,7.55E-05,0.000755287,0.004984894,0.000241692,0.032160121,0.009380665,7.55E-05,FALSE,0.000135952,3.02E-05,,,0.000377644,0.000619335,,0.003731118,0.002990937,,,FALSE
6.87E-05,,0.000137386,0.000635411,0.003795295,6.87E-05,0.000927357,0.006731925,0.000240426,0.04274429,0.010870685,0.000206079,6.87E-05,0.000120213,6.87E-05,,,0.000291946,0.000704104,,0.005941954,0.00303967,,FALSE
5.15E-05,,0.00010304,0.000618238,0.003726601,0.000137386,0.000772798,0.005220677,0.000206079,0.035153701,0.013549717,5.15E-05,5.15E-05,0.00015456,0.000188906,,,0.000257599,0.000738451,,0.004619612,0.002541645,,FALSE
0.00010304,,0.00010304,0.000635411,0.004808518,0.000137386,0.00094453,0.007470376,0.000240426,0.043946419,0.010733299,0.000171733,0.000120213,0.000137386,0.000223253,,,0.000377812,0.000755624,,0.005615662,0.003709428,,FALSE
0.000120213,,6.87E-05,0.00089301,0.004894384,0.000257599,0.000824317,0.00613086,0.000274772,0.039721793,0.011488923,0.000120213,8.59E-05,0.000188906,0.000120213,,,0.000377812,0.000789971,,0.00518633,0.003314443,,FALSE
1.72E-05,,0.000188906,0.000927357,0.003863988,0.00010304,0.000824317,0.005323716,0.000137386,0.033865705,0.009084664,0.000223253,5.15E-05,8.59E-05,0.000120213,,,0.000240426,0.000789971,,0.004447879,0.002593165,,FALSE
3.43E-05,,0.000171733,0.000721278,0.00508329,0.000257599,0.000772798,0.007470376,0.000171733,0.044908123,0.011746522,8.59E-05,0.000120213,0.000274772,6.87E-05,,,0.000274772,0.000824317,,0.005684355,0.004104414,,FALSE
5.15E-05,,1.72E-05,0.000807144,0.004911558,0.000171733,0.000858664,0.006405633,0.000274772,0.03955006,0.015833763,0.00010304,6.87E-05,8.59E-05,0.000137386,,,0.000291946,0.000875837,,0.005048944,0.003554869,,FALSE
,,0.00010304,0.000566718,0.004980251,6.87E-05,0.000669758,0.006010647,0.000137386,0.040769363,0.011231324,0.00010304,6.87E-05,5.15E-05,8.59E-05,,,0.000223253,0.001116263,,0.004070067,0.003589215,,FALSE
3.43E-05,,3.43E-05,0.000772798,0.003125537,0.000120213,0.000841491,0.006044994,0.000188906,0.031993818,0.009033144,5.15E-05,0.000137386,0.00015456,0.000137386,,,0.000291946,0.000635411,1.72E-05,0.004516572,0.002387086,,FALSE
5.15E-05,,1.72E-05,0.000446505,0.003881161,6.87E-05,0.000927357,0.006405633,0.000223253,0.035823459,0.008706852,0.00010304,6.87E-05,0.00015456,5.15E-05,,,0.000291946,0.000721278,,0.005581315,0.002730551,,FALSE
0.000333667,,0.000500501,0.005005005,0.023301079,0.000556112,0.004726949,0.036758981,0.001557113,0.194917139,0.049771994,0.001112223,0.001001001,0.001779557,0.001612724,,,0.002669336,0.005394283,,0.029362696,0.013791569,,FALSE
5.56E-05,,0.000166834,0.001501502,0.006562118,,0.001112223,0.008897787,0.000556112,0.048548549,0.014180848,0.000333667,0.000333667,0.000278056,0.000166834,,,0.000722945,0.001835169,,0.006339673,0.003392281,,FALSE
,5.56E-05,0.000500501,0.003058614,0.008397286,0.000222445,0.001668335,0.014236459,0.000834168,0.068068068,0.020131242,0.000556112,0.000389278,0.000389278,0.000389278,,,0.001056612,0.002113224,,0.00906462,0.005561117,,FALSE
,,0.000389278,0.005839173,0.010343677,0.000222445,0.00189078,0.016627739,0.00144589,0.081804026,0.026081637,0.000611723,0.000333667,0.000500501,0.000166834,,,0.00189078,0.003003003,,0.010454899,0.006450895,,FALSE
0.000166834,,0.000166834,0.005561117,0.008675342,,0.001334668,0.010399288,0.000500501,0.062785007,0.017128239,0.000333667,0.000222445,0.000333667,0.000222445,,,0.000778556,0.001779557,,0.007062618,0.005394283,,FALSE
0.000111222,5.56E-05,0.000444889,0.006006006,0.015793571,0.000278056,0.00333667,0.023634746,0.000611723,0.126737849,0.038316094,0.000444889,0.000556112,0.000667334,0.000611723,,,0.001279057,0.004337671,,0.019575131,0.009898788,,FALSE
3.38E-05,,6.76E-05,0.000563507,0.001408768,1.13E-05,0.000157782,0.002163868,0.000202863,0.010323453,0.003505015,3.38E-05,4.51E-05,0.000112701,6.76E-05,,,0.000315564,0.000315564,,0.001386228,0.00080018,,FALSE
0.000169052,,0.000202863,0.002028626,0.004958864,2.25E-05,0.000957962,0.007235433,0.000383185,0.039851234,0.013039558,0.000123972,7.89E-05,0.000146512,0.000101431,,,0.000664939,0.000980503,,0.00543221,0.002964048,1.13E-05,FALSE
,,0.000101431,0.000597318,0.002738645,0.000112701,0.000439536,0.003955821,0.000338104,0.020229911,0.006423983,6.76E-05,6.76E-05,5.64E-05,0.000101431,,,0.000631128,0.000473346,,0.002761186,0.001713062,,FALSE
3.38E-05,,6.76E-05,0.000631128,0.001363688,1.13E-05,0.000191592,0.002152598,0.000180322,0.010131861,0.0031331,5.64E-05,5.64E-05,9.02E-05,5.64E-05,,,0.000281754,0.000360645,,0.001318607,0.000879071,,FALSE
0.000687479,,0.000304294,0.011563169,0.012735264,0.000101431,0.001882114,0.021266764,0.001284797,0.115361208,0.030722416,0.000281754,0.000157782,0.000597318,0.000450806,,,0.001780683,0.004057252,,0.015992336,0.009106277,,FALSE
1.13E-05,,6.76E-05,0.000879071,0.001262256,,0.000180322,0.002197678,0.000225403,0.010515046,0.003403584,3.38E-05,4.51E-05,0.000101431,6.76E-05,,,0.000326834,0.000349375,,0.001307337,0.00074383,,FALSE
5.64E-05,,0.000259213,0.001318607,0.006254931,0.000416995,0.001115744,0.008869604,0.000631128,0.04884481,0.015981066,5.64E-05,0.000281754,0.000450806,0.000123972,,1.13E-05,0.001025583,0.00156655,2.25E-05,0.006052068,0.0038882,1.13E-05,FALSE
,,6.76E-05,0.000529697,0.003595176,0.000112701,0.00078891,0.005635073,0.000371915,0.028907923,0.008407528,5.64E-05,9.02E-05,0.000101431,0.000123972,,,0.000608588,0.000619858,,0.00387693,0.002276569,,FALSE
,,6.76E-05,0.000405725,0.002783726,5.64E-05,0.000586048,0.004045982,0.000225403,0.021999324,0.006807168,6.76E-05,0.000101431,0.000191592,0.000112701,,,0.000428266,0.00074383,,0.002772456,0.001645441,,FALSE
3.38E-05,,0.000135242,0.001318607,0.003257072,0.000101431,0.000495886,0.005082836,0.000259213,0.027194861,0.008734363,5.64E-05,0.000112701,9.02E-05,0.000112701,,,0.000473346,0.000631128,,0.003279612,0.00229911,2.25E-05,FALSE
0.000306937,0.000306937,,0.004910988,0.011663597,,0.003990178,0.020564764,0.000613874,0.136279926,0.042357274,0.000306937,,0.00092081,0.000306937,,,0.00092081,0.000306937,0.000306937,0.017188459,0.010128913,,FALSE
0.000613874,,,0.008287293,0.02946593,0.001841621,0.004910988,0.034990792,0.003683241,0.168201351,0.063228975,0.001534684,0.001841621,0.002148557,0.000613874,,,0.005831799,0.002762431,,0.028238183,0.015653775,,FALSE
0.00092081,,0.002148557,0.00859423,0.114180479,0.006138735,0.025475752,0.173726212,0.008287293,0.879066912,0.219766728,0.001841621,0.002455494,0.003376304,0.003069368,,,0.015039902,0.019337017,,0.11786372,0.072744015,,FALSE
0.000203749,,6.79E-05,0.004414561,0.01127411,0.000135833,0.001562076,0.012428688,0.002648737,0.068459658,0.02275197,0.000271665,0.000135833,0.000407498,0.000203749,,,0.002988318,0.001765825,,0.008353708,0.005229557,,FALSE
0.000271665,,0.000271665,0.00536539,0.010187449,,0.001018745,0.013175767,0.001901657,0.062347188,0.020239065,0.000339582,6.79E-05,0.000407498,0.000203749,,,0.001969573,0.001969573,,0.008625374,0.004889976,,FALSE
0.000271665,,0.001018745,0.01202119,0.025061125,0.000339582,0.003803314,0.03606357,0.002784569,0.185411573,0.05474056,0.000543331,0.00074708,0.000611247,0.000882912,,,0.003531649,0.005297474,,0.022548221,0.016164086,,FALSE
0.000135833,,0.000135833,0.00536539,0.011953274,0.000203749,0.001426243,0.014534094,0.002444988,0.079665852,0.024449878,0.000271665,0.000135833,0.000475414,0.000203749,,,0.002444988,0.002784569,,0.009712035,0.006112469,,FALSE
0.000135833,6.79E-05,0.000135833,0.004346645,0.012564521,0.000135833,0.002105406,0.014126596,0.002241239,0.074164629,0.023770714,0.000271665,0.000339582,0.000339582,0.000271665,,,0.002377071,0.001833741,,0.009779951,0.006995382,,FALSE
0.000135833,,0.000203749,0.004686227,0.012836186,0.000135833,0.001901657,0.014262429,0.002444988,0.086593317,0.0266232,0.000271665,0.000203749,0.000339582,0.000203749,,,0.002920402,0.002512904,,0.011409943,0.007267047,,FALSE
1.76E-05,,0.000264424,0.000652247,0.00412502,8.81E-05,0.00082853,0.006716378,0.000123398,0.038676468,0.012286918,0.00010577,0.00010577,0.000158655,0.00010577,,1.76E-05,0.000317309,0.001075326,,0.005147461,0.002714757,,FALSE
7.05E-05,1.76E-05,0.000158655,0.001092954,0.007439138,0.000211539,0.000899043,0.011634671,0.000352566,0.058949001,0.01484302,7.05E-05,0.000141026,0.00010577,8.81E-05,,,0.000705132,0.001727572,,0.006857405,0.004830151,,FALSE
3.53E-05,,3.53E-05,0.000899043,0.001516033,,0.000211539,0.002221165,8.81E-05,0.012939165,0.004283674,5.29E-05,,8.81E-05,3.53E-05,,,0.000123398,0.00051122,,0.001762829,0.000934299,,FALSE
,,3.53E-05,0.00061699,0.004371816,0.000211539,0.001004813,0.006927918,0.000211539,0.041549879,0.010012869,0.000264424,0.000141026,0.000176283,0.000123398,,,0.000352566,0.001004813,,0.005834964,0.003032066,,FALSE
5.29E-05,,8.81E-05,0.000934299,0.002961553,8.81E-05,0.000687503,0.005006434,0.000229168,0.02855783,0.006381441,5.29E-05,0.00010577,0.000176283,7.05E-05,1.76E-05,,0.000334938,0.000846158,,0.003966365,0.001815714,,FALSE
3.53E-05,,7.05E-05,0.001163467,0.004459957,0.000317309,0.000810901,0.005641053,0.000546477,0.035679659,0.010012869,5.29E-05,5.29E-05,0.000176283,,,,0.000810901,0.000810901,,0.00391348,0.003437517,,FALSE
0.00010577,,0.000193911,0.002009625,0.004565727,0.000123398,0.001128211,0.006557724,0.000123398,0.04133834,0.008743632,5.29E-05,5.29E-05,0.000229168,7.05E-05,,,0.000211539,0.001568918,,0.005623424,0.002644243,,FALSE
,,3.53E-05,0.000916671,0.001604174,7.05E-05,0.000299681,0.002115395,3.53E-05,0.01371481,0.004054507,3.53E-05,,5.29E-05,5.29E-05,,,0.00010577,0.000546477,,0.001657059,0.001092954,,FALSE
5.29E-05,,3.53E-05,0.000775645,0.002556102,0.00010577,0.00061699,0.00412502,0.00010577,0.023480882,0.00680452,0.00010577,3.53E-05,0.000158655,3.53E-05,,,0.000211539,0.000881414,,0.002979181,0.001709944,,FALSE
1.76E-05,,7.05E-05,0.000581734,0.003049694,8.81E-05,0.000581734,0.003437517,5.29E-05,0.022035362,0.005693938,1.76E-05,1.76E-05,3.53E-05,3.53E-05,,,0.00010577,0.000546477,,0.002996809,0.001780457,,FALSE
1.76E-05,,1.76E-05,0.001304493,0.002644243,5.29E-05,0.000405451,0.003155464,0.000176283,0.019285349,0.006222786,3.53E-05,1.76E-05,0.000123398,1.76E-05,1.76E-05,,0.000193911,0.000775645,,0.00257373,0.001357378,,FALSE
0.000147167,,0.000481638,0.005244498,0.00976654,0.000535153,0.001578701,0.015024416,0.001043548,0.077717573,0.024376212,0.000120409,0.000160546,0.000347849,0.000321092,,,0.001538564,0.002194127,,0.009137735,0.007572413,,FALSE
5.35E-05,,,0.000829487,0.002702522,0.000428122,0.00056191,0.003050371,0.000321092,0.020335808,0.005833166,0.000107031,1.34E-05,9.37E-05,9.37E-05,,,0.000334471,0.000535153,,0.002448324,0.001966687,,FALSE
5.35E-05,1.34E-05,0.000254198,0.002782795,0.009405311,0.000722456,0.001993444,0.013138003,0.000709078,0.073168774,0.019880928,0.000240819,8.03E-05,0.000187303,0.000602047,,,0.001056927,0.001806141,,0.008830022,0.00680982,,FALSE
2.68E-05,,5.35E-05,0.001538564,0.00374607,0.000347849,0.00078935,0.004522042,0.000374607,0.027225901,0.008254733,0.000120409,1.34E-05,0.000107031,0.000120409,,,0.000575289,0.000722456,,0.00329119,0.002675764,,FALSE
2.68E-05,,1.34E-05,0.00090976,0.00295672,0.000387986,0.000495016,0.003465115,0.000280955,0.021740585,0.00658238,0.000147167,4.01E-05,0.000120409,9.37E-05,,,0.000294334,0.00056191,,0.002782795,0.00215399,,FALSE
4.01E-05,,,0.000869623,0.002742658,0.000441501,0.000508395,0.002970098,0.000334471,0.0206569,0.005632484,8.03E-05,2.68E-05,0.000107031,0.000107031,,,0.000347849,0.000481638,,0.002595491,0.001886414,,FALSE
0.000120409,,0.000481638,0.004976922,0.009833434,0.000428122,0.001632216,0.015679979,0.00101679,0.080553883,0.024389591,0.000107031,0.000160546,0.000387986,0.000280955,,,0.001525186,0.002394809,,0.009659509,0.007398488,,FALSE
4.01E-05,,8.03E-05,0.001070306,0.004027025,0.000294334,0.000722456,0.005150846,0.000280955,0.028483511,0.008348385,0.000107031,5.35E-05,0.000120409,9.37E-05,2.68E-05,,0.000414743,0.000829487,,0.00351863,0.002889825,,FALSE
5.35E-05,,2.68E-05,0.000883002,0.003210917,0.000374607,0.000602047,0.00397351,0.000387986,0.024697304,0.007572413,0.000147167,2.68E-05,0.000107031,6.69E-05,,,0.000428122,0.000508395,,0.002876447,0.002394809,,FALSE
2.21E-05,,,0.001676964,0.004390997,0.000198588,0.000573698,0.005428067,0.000639894,0.028993822,0.009708738,0.000132392,0.000110327,0.000176523,0.000132392,,,0.000926743,0.000772286,,0.003375993,0.002603707,,FALSE
4.41E-05,,2.21E-05,0.00174316,0.003949691,8.83E-05,0.000728155,0.004258605,0.000154457,0.02533098,0.006950574,2.21E-05,0.000110327,0.000132392,0.000154457,,,0.000198588,0.000595763,,0.003022948,0.002736099,,FALSE
,,2.21E-05,0.000904678,0.003089144,0.000176523,0.000529568,0.003993822,0.000264784,0.022109444,0.006862312,,8.83E-05,0.000132392,0.000132392,,,0.00033098,0.000529568,,0.002758164,0.002206531,,FALSE
,,,0.000948808,0.002427184,8.83E-05,0.000397176,0.002802295,0.000242718,0.015247132,0.004810238,,0.000132392,0.000154457,8.83E-05,,,0.000308914,0.00037511,,0.002007944,0.001456311,,FALSE
0.000132392,4.41E-05,0.000220653,0.00244925,0.010679612,0.000286849,0.002338923,0.01407767,0.000397176,0.077405119,0.020300088,0.000176523,0.000198588,0.000264784,0.000286849,,,0.000970874,0.002074139,,0.010392763,0.008208297,,FALSE
4.41E-05,,2.21E-05,0.001279788,0.005847308,0.000154457,0.000904678,0.006994704,0.000308914,0.03766549,0.01092233,,0.000154457,0.000220653,0.000154457,,,0.00037511,0.00103707,,0.00560459,0.003883495,,FALSE
2.21E-05,,4.41E-05,0.000617829,0.004037952,0.000132392,0.000772286,0.005229479,0.00037511,0.027603707,0.008759929,2.21E-05,0.000154457,0.000176523,0.000110327,,,0.000485437,0.000595763,,0.003927626,0.002647838,,FALSE
2.21E-05,2.21E-05,,0.00037511,0.000860547,,0.000242718,0.001588703,4.41E-05,0.00984113,0.003022948,4.41E-05,,8.83E-05,,,,8.83E-05,6.62E-05,2.21E-05,0.001257723,0.000661959,,FALSE
0.000132392,4.41E-05,0.000220653,0.002581642,0.010613416,0.00037511,0.002338923,0.014055605,0.000463372,0.078640777,0.019770521,0.000154457,0.000198588,0.000220653,0.000264784,,,0.001059135,0.002140335,,0.010657546,0.008164166,,FALSE
6.62E-05,,2.21E-05,0.00174316,0.004082083,0.000176523,0.00070609,0.004390997,0.000198588,0.026301853,0.006994704,2.21E-05,0.000110327,0.000132392,0.000176523,,,0.000242718,0.000661959,,0.003243601,0.002912621,,FALSE
4.69E-05,9.38E-05,0.002579979,0.008818839,0.000515996,0.00290834,0.012477718,0.000515996,0.073083779,0.020217656,9.38E-05,FALSE,0.000328361,9.38E-05,4.69E-05,,0.000656722,0.001735622,,0.008537386,0.006098133,,,FALSE
,4.69E-05,0.002579979,0.012243175,0.000562905,0.002861432,0.013697345,0.000750539,0.083732057,0.024673984,0.000187635,FALSE,0.000422178,0.000469087,,,0.000891266,0.001970166,,0.011492635,0.007177033,,,FALSE
,,0.001923257,0.005957407,0.00037527,0.001641805,0.00877193,0.000891266,0.046814898,0.016277324,0.000281452,FALSE,0.000328361,4.69E-05,,,0.001219627,0.001360353,,0.007364668,0.003471245,,,FALSE
0.000187635,0.000703631,0.012149357,0.029364856,0.000703631,0.005206867,0.044797823,0.001031992,0.21549864,0.062670044,0.000281452,FALSE,0.000656722,0.000656722,,,0.003471245,0.006004316,,0.027441599,0.023172906,4.69E-05,,FALSE
0.000187635,0.000140726,0.004597054,0.007458486,9.38E-05,0.002017075,0.010742096,0.000750539,0.061309691,0.018575851,0.000140726,FALSE,0.000281452,,,,0.000797448,0.002814523,,0.009006473,0.003565062,,,FALSE
4.69E-05,0.000140726,0.00328361,0.009428652,0.000328361,0.002955249,0.012946806,0.001125809,0.079088095,0.023923445,0.000140726,FALSE,0.000281452,0.000328361,,,0.001547988,0.001735622,,0.0102261,0.005535228,4.69E-05,,FALSE
2.76E-05,1.38E-05,0.00046997,0.002377497,5.53E-05,0.000400857,0.003524777,0.000276453,0.017900339,0.004837929,5.53E-05,FALSE,2.76E-05,2.76E-05,,,0.000345566,0.000359389,,0.002598659,0.001589605,,,FALSE
,5.53E-05,0.00041468,0.003524777,6.91E-05,0.000566729,0.004810284,0.000331744,0.026332158,0.005722579,1.38E-05,FALSE,0.00020734,6.91E-05,,,0.00041468,0.000552906,,0.004022393,0.002156334,,,FALSE
,5.53E-05,0.00041468,0.0035386,6.91E-05,0.000566729,0.004824107,0.000345566,0.026359804,0.005860806,1.38E-05,FALSE,0.00020734,6.91E-05,,,0.000428502,0.000552906,,0.004036215,0.002156334,,,FALSE
,,0.000456148,0.000967586,,0.000179695,0.001506669,0.000138227,0.007961849,0.002018108,2.76E-05,FALSE,1.38E-05,1.38E-05,,,0.000138227,0.000165872,,0.001188748,0.000622019,,,FALSE
1.38E-05,1.38E-05,0.000649665,0.003262147,6.91E-05,0.000622019,0.004229733,0.000387034,0.026332158,0.006095791,8.29E-05,FALSE,4.15E-05,6.91E-05,,,0.000525261,0.000387034,,0.003704472,0.00223927,,,FALSE
2.76E-05,5.53E-05,0.000760246,0.003137743,0.000110581,0.000552906,0.005197318,0.000359389,0.027576197,0.006565761,4.15E-05,FALSE,8.29E-05,4.15E-05,,,0.00041468,0.000594374,,0.004533831,0.002170157,,,FALSE
1.38E-05,9.68E-05,0.000898473,0.004962333,0.00020734,0.001022876,0.007436589,0.000525261,0.038648144,0.009744972,0.000124404,FALSE,1.38E-05,0.000221162,,,0.000746423,0.000953763,,0.005280254,0.003110097,1.38E-05,,FALSE
4.15E-05,1.38E-05,0.00135462,0.001838413,1.38E-05,0.000387034,0.002363674,0.000179695,0.013629138,0.003275969,4.15E-05,FALSE,1.38E-05,2.76E-05,,,0.000193517,0.00026263,,0.001727832,0.001230216,,,FALSE
,1.38E-05,0.000373212,0.004022393,6.91E-05,0.000704955,0.005446126,0.000331744,0.031100974,0.00692515,4.15E-05,FALSE,0.000221162,9.68E-05,,,0.000400857,0.000483793,1.38E-05,0.004395604,0.00244661,1.38E-05,,FALSE
4.15E-05,4.15E-05,0.000525261,0.004257378,0.000110581,0.000704955,0.005999032,0.000373212,0.031349782,0.008183012,6.91E-05,FALSE,0.000221162,0.000124404,,1.38E-05,0.000497616,0.000649665,,0.004589122,0.002515723,,,FALSE
1.38E-05,1.38E-05,0.000649665,0.003179211,5.53E-05,0.000608197,0.004091506,0.000317921,0.024618149,0.005404658,8.29E-05,FALSE,,0.000110581,,,0.000331744,0.00046997,,0.004022393,0.0017693,,,FALSE
,,0.000400857,0.001161103,2.76E-05,0.00020734,0.001617251,0.000110581,0.008570046,0.002087221,2.76E-05,FALSE,,1.38E-05,,,0.000110581,0.000193517,,0.001230216,0.000691133,,,FALSE
2.76E-05,1.38E-05,0.001368443,0.001852236,1.38E-05,0.000387034,0.002391319,0.000165872,0.013642961,0.003234501,4.15E-05,FALSE,1.38E-05,2.76E-05,,,0.000179695,0.000276453,,0.001727832,0.001216394,,,FALSE
5.95E-05,,0.000357143,0.002083333,0.009107143,0.000565476,0.001458333,0.01485119,0.000684524,0.077291667,0.020684524,0.000208333,0.000386905,0.000238095,0.000357143,,,0.001160714,0.001964286,,0.011339286,0.006428571,,FALSE
5.95E-05,,0.000208333,0.002232143,0.008065476,0.000565476,0.001428571,0.013333333,0.000386905,0.072113095,0.019494048,0.00014881,0.000327381,0.000297619,0.000267857,,,0.00077381,0.001607143,,0.010178571,0.005833333,,FALSE
5.95E-05,,0.000119048,0.002559524,0.004285714,0.000386905,0.000744048,0.008660714,0.000386905,0.04014881,0.011547619,0.000178571,0.00014881,0.000386905,0.000119048,,,0.000535714,0.000863095,,0.006845238,0.00297619,,FALSE
8.93E-05,,0.00014881,0.002321429,0.007857143,0.000386905,0.001428571,0.012857143,0.000357143,0.062291667,0.017410714,0.000238095,0.000267857,0.000297619,0.000208333,,,0.000595238,0.002232143,,0.009345238,0.004910714,,FALSE
5.95E-05,,0.000297619,0.002767857,0.010982143,0.000922619,0.001934524,0.018571429,0.001220238,0.098452381,0.047113095,0.000238095,0.000386905,0.00047619,0.000327381,,,0.001666667,0.002529762,,0.013482143,0.00797619,,FALSE
5.95E-05,,0.00047619,0.001785714,0.011339286,0.000446429,0.001696429,0.018809524,0.000565476,0.094345238,0.026845238,0.000297619,0.000595238,0.000416667,0.000327381,2.98E-05,,0.000982143,0.002440476,,0.014107143,0.007886905,,FALSE
2.98E-05,,0.000119048,0.002589286,0.005029762,0.000505952,0.000654762,0.010119048,0.000535714,0.045119048,0.014255952,0.000178571,0.00014881,0.000327381,0.00014881,,,0.000714286,0.00110119,,0.007410714,0.003660714,,FALSE
0.000301091,1.25E-05,0.000276001,0.006310375,0.008781834,0.000112909,0.001342366,0.010500565,0.000828002,0.068423033,0.019069126,0.000100364,7.53E-05,0.000200728,0.000225819,1.25E-05,,0.001518003,0.00224564,,0.008280015,0.006159829,,FALSE
2.51E-05,,6.27E-05,0.001242002,0.004566554,0.000112909,0.000765274,0.006272739,0.000690001,0.035139882,0.012294568,8.78E-05,8.78E-05,0.000213273,0.000100364,1.25E-05,,0.001003638,0.001141638,,0.004804918,0.002860369,1.25E-05,FALSE
0.000238364,,0.000276001,0.005645465,0.008568561,0.000112909,0.00130473,0.010713838,0.000878183,0.066340484,0.018730398,8.78E-05,3.76E-05,0.000150546,0.000188182,1.25E-05,,0.00144273,0.002546732,,0.008029106,0.005582737,,FALSE
2.51E-05,,0.000100364,0.00105382,0.003713461,0.000112909,0.000752729,0.00538201,0.000489274,0.029920963,0.00932129,0.000263455,2.51E-05,0.000125455,8.78E-05,1.25E-05,,0.000878183,0.000765274,,0.003638188,0.00224564,1.25E-05,FALSE
,,,0.000363819,0.000238364,,3.76E-05,0.00038891,7.53E-05,0.002396186,0.001216911,5.02E-05,,6.27E-05,1.25E-05,,,7.53E-05,7.53E-05,,0.000301091,0.000150546,,FALSE
2.51E-05,,6.27E-05,0.000953456,0.00235855,5.02E-05,0.000464183,0.004140008,0.000263455,0.021314766,0.007251286,0.000100364,3.76E-05,0.000100364,1.25E-05,1.25E-05,,0.000464183,0.000552001,,0.003098733,0.00171873,,FALSE
,,3.76E-05,0.000840547,0.001932004,3.76E-05,0.000338728,0.00224564,0.000276001,0.012859114,0.004252917,8.78E-05,3.76E-05,0.000112909,2.51E-05,1.25E-05,,0.000338728,0.000288546,,0.001480366,0.001204366,,FALSE
,,,0.000188182,0.000451637,,0.000150546,0.000840547,3.76E-05,0.005959102,0.001681094,1.25E-05,,6.27E-05,,,,5.02E-05,8.78E-05,,0.000577092,0.00038891,,FALSE
2.51E-05,,6.27E-05,0.000702547,0.002120186,7.53E-05,0.000363819,0.004052189,0.000150546,0.019734036,0.006536194,0.000150546,6.27E-05,0.000138,3.76E-05,1.25E-05,,0.000288546,0.000514365,,0.002935642,0.001593276,,FALSE
1.25E-05,3.76E-05,0.000414001,0.002346004,0.008882198,0.000439092,0.001492912,0.011780203,0.000639819,0.069978673,0.021314766,0.000150546,5.02E-05,0.000288546,0.000213273,1.25E-05,,0.000953456,0.002346004,,0.008292561,0.006586376,1.25E-05,FALSE
1.77E-05,8.84E-06,2.65E-05,0.001255382,0.001794666,2.65E-05,0.000353629,0.0027141,0.000114929,0.013402527,0.004694421,5.30E-05,7.07E-05,0.000132611,4.42E-05,,,0.000238699,0.000380151,,0.001573648,0.001255382,,FALSE
,8.84E-06,,0.000141451,0.000388992,,9.72E-05,0.000610009,1.77E-05,0.004084411,0.00122886,8.84E-06,,2.65E-05,,,,2.65E-05,1.77E-05,8.84E-06,0.000503921,0.000300584,,FALSE
,,1.77E-05,0.00074262,0.002979322,8.84E-05,0.000556965,0.004146296,0.000274062,0.023781528,0.008540132,7.07E-05,0.00012377,0.000141451,7.07E-05,,,0.000424354,0.000601169,,0.003058888,0.001776984,,FALSE
1.77E-05,,2.65E-05,0.000503921,0.003014684,7.96E-05,0.000238699,0.003739623,0.000167974,0.020006542,0.008089256,5.30E-05,0.000167974,0.000159133,4.42E-05,,,0.000229859,0.000654213,,0.002705259,0.001555966,,FALSE
2.65E-05,,7.07E-05,0.000450877,0.00320918,7.07E-05,0.000229859,0.004084411,0.000256381,0.021297287,0.008319115,6.19E-05,0.000141451,0.00012377,7.96E-05,8.84E-06,,0.000318266,0.000565806,,0.002793667,0.001794666,,FALSE
,,,0.000132611,0.000335947,,0.00012377,0.000601169,3.54E-05,0.004146296,0.001140452,8.84E-06,,4.42E-05,8.84E-06,,,4.42E-05,4.42E-05,,0.000433195,0.000265222,,FALSE
8.84E-06,,0.00012377,0.002643374,0.005251386,6.19E-05,0.001034364,0.007090255,0.000362469,0.041851953,0.013756155,8.84E-05,0.000203336,0.000221018,0.000203336,,,0.000831027,0.00111393,,0.004800509,0.003518605,,FALSE
1.77E-05,,5.30E-05,0.000530443,0.002227861,1.77E-05,0.000221018,0.002554967,0.000203336,0.016390689,0.006391838,5.30E-05,0.00012377,0.000114929,3.54E-05,,,0.00024754,0.000344788,,0.00197148,0.001326108,,FALSE
4.42E-05,,6.19E-05,0.000733779,0.003545127,7.07E-05,0.000477399,0.004915439,0.000380151,0.027892462,0.01048509,4.42E-05,9.72E-05,0.000212177,9.72E-05,,,0.000565806,0.000610009,,0.003315269,0.002280905,,FALSE
8.84E-06,,8.84E-06,0.00099016,0.001670895,3.54E-05,0.000221018,0.002139453,0.000176814,0.011581339,0.009998851,6.19E-05,0.000132611,0.000556965,2.65E-05,,,0.000212177,0.000344788,,0.001662055,0.000910594,,FALSE
1.77E-05,8.84E-06,2.65E-05,0.001255382,0.00173278,2.65E-05,0.000344788,0.002705259,0.000114929,0.013473252,0.00468558,5.30E-05,7.07E-05,0.000132611,4.42E-05,,,0.000238699,0.000380151,,0.001573648,0.001273063,,FALSE
1.77E-05,,4.42E-05,0.000901753,0.002157135,3.54E-05,0.000318266,0.003005844,0.000185655,0.01529444,0.007160981,6.19E-05,6.19E-05,0.000256381,2.65E-05,,,0.000282903,0.000468558,,0.002298586,0.001087408,,FALSE
2.65E-05,,6.19E-05,0.001423355,0.003182658,8.84E-05,0.000477399,0.004022526,0.000256381,0.022720642,0.016125467,6.19E-05,0.000141451,0.000733779,3.54E-05,,,0.000380151,0.000751461,,0.00283787,0.002077568,,FALSE
5.82E-05,2.91E-05,0.000174713,0.001688894,0.009434512,0.000407664,0.001077398,0.012899656,0.000320307,0.067264574,0.018257527,8.74E-05,0.000174713,0.000145594,0.000320307,,,0.000611496,0.001572419,,0.008415351,0.007075884,,FALSE
0.000145594,,5.82E-05,0.001397705,0.00716324,0.000378545,0.000960922,0.008269757,0.000786209,0.052413954,0.017180129,0.000116475,2.91E-05,0.000174713,8.74E-05,,,0.00128123,0.000873566,,0.00588201,0.005416109,,FALSE
0.000116475,,0.000232951,0.002242152,0.014413837,0.000640615,0.002445985,0.020295848,0.000611496,0.117028711,0.031069827,0.000232951,0.000407664,0.000291189,0.000611496,,,0.001164755,0.001980083,,0.01356939,0.010715742,,FALSE
2.91E-05,,0.000174713,0.000873566,0.008153282,0.000203832,0.001077398,0.012462873,0.000291189,0.064876827,0.017471318,0.000349426,0.000116475,0.000145594,0.000203832,2.91E-05,,0.000495021,0.001310349,,0.009172442,0.005532584,,FALSE
0.000174713,,8.74E-05,0.001834488,0.008269757,0.00026207,0.000990041,0.008095044,0.000902685,0.0578883,0.019742589,0.000116475,2.91E-05,0.000145594,0.000116475,,,0.001193873,0.001310349,,0.00666822,0.004659018,,FALSE
0.000116475,,0.000145594,0.001222992,0.005212277,0.00026207,0.00101916,0.00614408,0.000436783,0.041581737,0.011734902,0.000145594,5.82E-05,0.000174713,5.82E-05,,,0.000611496,0.000844447,,0.005241395,0.003436026,,FALSE
0.000203832,,0.00026207,0.002970124,0.010715742,0.000553258,0.001659775,0.014326481,0.001135636,0.085755052,0.025246054,0.000291189,0.000145594,0.000232951,0.000174713,,,0.001630656,0.001863607,,0.010395434,0.006318793,2.91E-05,FALSE
8.90E-05,,3.56E-05,0.001709402,0.006036325,0.000124644,0.001282051,0.010292023,0.000890313,0.048041311,0.016150285,7.12E-05,0.000106838,0.000267094,0.000267094,,,0.00105057,0.000872507,,0.006481481,0.004202279,,FALSE
5.34E-05,,3.56E-05,0.00162037,0.003561254,1.78E-05,0.000836895,0.005662393,0.000338319,0.027973647,0.010131766,0.000160256,7.12E-05,0.000195869,5.34E-05,,,0.00042735,0.000534188,,0.004220085,0.002190171,,FALSE
3.56E-05,,0.000124644,0.001175214,0.003169516,8.90E-05,0.000605413,0.004754274,0.000320513,0.025071225,0.007460826,5.34E-05,8.90E-05,0.000106838,3.56E-05,,,0.000373932,0.000658832,,0.003561254,0.001905271,,FALSE
5.34E-05,,1.78E-05,0.00133547,0.00147792,,0.000320513,0.002457265,0.000249288,0.012428775,0.004487179,7.12E-05,1.78E-05,8.90E-05,1.78E-05,,,0.000249288,0.000302707,,0.001531339,0.001210826,,FALSE
3.56E-05,,1.78E-05,0.002510684,0.00252849,7.12E-05,0.000267094,0.003543447,0.000320513,0.018963675,0.00772792,3.56E-05,3.56E-05,0.000124644,3.56E-05,,,0.000462963,0.000819088,,0.002492877,0.001655983,,FALSE
0.000160256,1.78E-05,0.000694444,0.00701567,0.013372507,0.000231481,0.002457265,0.019764957,0.000836895,0.10224359,0.033368946,0.000160256,0.000302707,0.000819088,0.000391738,3.56E-05,,0.001317664,0.00329416,,0.014227208,0.009811254,,FALSE
7.12E-05,,3.56E-05,0.001923077,0.008831909,0.000249288,0.001566952,0.012838319,0.00119302,0.066880342,0.024394587,0.000213675,0.00042735,0.000587607,0.0002849,1.78E-05,,0.001531339,0.001424501,,0.010238604,0.006232194,,FALSE
,,7.12E-05,0.000391738,0.002510684,0.00014245,0.000658832,0.005092593,0.000320513,0.030804843,0.007496439,0.000106838,7.12E-05,0.000124644,3.56E-05,,,0.000391738,0.00042735,,0.004202279,0.001887464,,FALSE
,,1.78E-05,0.001727208,0.004042023,0.000106838,0.000712251,0.006659544,0.000445157,0.038069801,0.011413818,5.34E-05,5.34E-05,0.000178063,0.000124644,,,0.000551994,0.00119302,,0.004754274,0.003151709,,FALSE
,,,0.000446478,0.000878074,2.98E-05,0.000163709,0.000900398,4.46E-05,0.0063772,0.002120772,7.44E-06,1.49E-05,1.49E-05,3.72E-05,,,6.70E-05,0.00011162,,0.000587863,0.000565539,,FALSE
3.72E-05,,2.23E-05,0.000669718,0.002202627,5.21E-05,0.000461361,0.002716077,0.000386948,0.018387469,0.005432154,1.49E-05,3.72E-05,2.98E-05,3.72E-05,,,0.00051345,0.000431596,,0.002046359,0.001599881,,FALSE
3.72E-05,,2.23E-05,0.000669718,0.002202627,5.21E-05,0.000461361,0.002716077,0.000386948,0.018380028,0.005432154,1.49E-05,3.72E-05,2.98E-05,3.72E-05,,,0.00051345,0.000431596,,0.002046359,0.001599881,,FALSE
1.49E-05,,3.72E-05,0.000349741,0.002835138,0.000126502,0.000587863,0.003906686,0.000379507,0.024749786,0.007478513,1.49E-05,8.93E-05,5.95E-05,8.19E-05,,,0.00045392,0.000446478,,0.002842579,0.002113331,,FALSE
2.23E-05,,1.49E-05,0.000446478,0.002485396,9.67E-05,0.000334859,0.003184879,0.000133944,0.016973621,0.005216356,5.21E-05,5.21E-05,9.67E-05,8.93E-05,,,0.000245563,0.000506009,,0.001942181,0.001555233,,FALSE
,7.44E-06,,0.000372065,0.000773896,2.23E-05,0.000119061,0.000989694,7.44E-05,0.006168843,0.002180303,1.49E-05,1.49E-05,1.49E-05,3.72E-05,,,8.93E-05,0.000126502,,0.000677159,0.000506009,,FALSE
2.98E-05,,1.49E-05,0.000602746,0.001614764,5.21E-05,0.000186033,0.001890092,8.19E-05,0.012486513,0.00347509,7.44E-06,7.44E-06,4.46E-05,2.98E-05,,,0.000148826,0.000297652,,0.001287346,0.001086431,,FALSE
,,7.44E-06,0.000550657,0.001867768,6.70E-05,0.000178591,0.001957064,0.000126502,0.01366968,0.00375786,7.44E-06,2.23E-05,2.98E-05,1.49E-05,,,0.000208357,0.000290211,,0.001227816,0.001287346,,FALSE
2.23E-05,,5.21E-05,0.000506009,0.00392901,0.000193474,0.000803661,0.005171708,9.67E-05,0.03473602,0.007843137,2.23E-05,9.67E-05,6.70E-05,0.000104178,,,0.000200915,0.000543215,7.44E-06,0.004152249,0.002783049,,FALSE
,,,0.000312535,0.000974811,2.98E-05,0.00017115,0.001004576,5.21E-05,0.006816237,0.002232392,2.23E-05,2.98E-05,2.98E-05,3.72E-05,,,7.44E-05,8.93E-05,,0.000714365,0.000632511,,FALSE
,,,0.000431596,0.000863192,2.98E-05,0.000148826,0.000922722,5.21E-05,0.006362317,0.002150538,7.44E-06,1.49E-05,1.49E-05,3.72E-05,,,7.44E-05,0.000119061,,0.000602746,0.000565539,,FALSE
,,1.49E-05,0.000379507,0.001324553,2.98E-05,0.000156267,0.001696618,4.46E-05,0.010179708,0.002812814,2.23E-05,2.23E-05,0.00011162,1.49E-05,,,7.44E-05,0.000208357,,0.001190609,0.000870633,7.44E-06,FALSE
4.46E-05,,5.21E-05,0.000550657,0.001979388,5.21E-05,0.000327417,0.002768166,0.00011162,0.019607843,0.004368047,7.44E-06,2.98E-05,1.49E-05,5.95E-05,,,0.000253004,0.000416713,,0.002001712,0.001324553,,FALSE
2.23E-05,,4.46E-05,0.000543215,0.004234104,0.000133944,0.000483685,0.004792202,0.000215798,0.025776686,0.007954757,1.49E-05,5.95E-05,9.67E-05,5.95E-05,7.44E-06,,0.000446478,0.00051345,,0.002753283,0.002492838,7.44E-06,FALSE
,,1.49E-05,0.000275328,0.00142129,4.46E-05,0.000148826,0.001748707,0.000104178,0.010975927,0.003110466,2.98E-05,2.23E-05,4.46E-05,2.23E-05,,,0.000133944,0.00028277,,0.001272463,0.000922722,,FALSE
,,0.00052687,0.025289779,0.142781876,0.006849315,0.035300316,0.217597471,0.006322445,1.199157007,0.317175975,0.004214963,0.003688093,0.005795574,0.001580611,0.00052687,,0.012118019,0.018967334,,0.151211802,0.091675448,,FALSE
0.00052687,,,0.02687039,0.091148577,0.004214963,0.020547945,0.130663857,0.004214963,0.660168599,0.169125395,0.002107482,0.001580611,0.003161222,,,,0.006849315,0.014752371,,0.079030558,0.060063224,,FALSE
,,,0.0003885,0.001061901,,0.0003885,0.001709402,7.77E-05,0.012069412,0.003367003,2.59E-05,,0.0001295,,,,0.0001036,0.0001554,,0.001243201,0.000802901,,FALSE
,,,0.0003885,0.000906501,,0.0003626,0.001605802,7.77E-05,0.011939912,0.003392903,2.59E-05,,0.0001295,,,,0.0001036,0.0001295,,0.001269101,0.000777001,,FALSE
0.0002849,,2.59E-05,0.006086506,0.004765605,0.0001813,0.001243201,0.006889407,0.0004921,0.045273245,0.012121212,2.59E-05,7.77E-05,0.0004662,0.0001295,,,0.000543901,0.002641803,,0.006423206,0.002797203,,FALSE
2.59E-05,,,0.0003626,0.001036001,,0.0003626,0.001735302,7.77E-05,0.011888112,0.003367003,2.59E-05,,0.0001295,,,,0.0001036,0.0001295,,0.001243201,0.000854701,,FALSE
,2.59E-05,,0.0004403,0.001010101,,0.0003108,0.001709402,7.77E-05,0.011655012,0.003522404,2.59E-05,,7.77E-05,,,,0.0001036,2.59E-05,2.59E-05,0.001476301,0.000828801,,FALSE
2.59E-05,2.59E-05,0.000543901,0.001579902,0.023154623,0.0004921,0.004273504,0.029189329,0.000699301,0.184977985,0.044781145,0.0002849,0.0003626,0.001010101,0.000958301,,,0.001269101,0.004247604,,0.024967625,0.014141414,2.59E-05,FALSE
2.59E-05,,0.000518001,0.002590003,0.011111111,0.0001554,0.002097902,0.016317016,0.0002072,0.093291893,0.023284123,7.77E-05,0.0002331,0.000259,0.0003885,,,0.000621601,0.002123802,,0.01023051,0.007795908,,FALSE
,2.59E-05,,0.0004403,0.001061901,,0.000259,0.001864802,7.77E-05,0.011499611,0.003444703,2.59E-05,,7.77E-05,,,,0.0001036,5.18E-05,2.59E-05,0.001476301,0.000854701,,FALSE
5.18E-05,,5.18E-05,0.001735302,0.002667703,2.59E-05,0.000569801,0.003133903,7.77E-05,0.023335923,0.005982906,5.18E-05,2.59E-05,0.0001554,7.77E-05,,,0.0001295,0.0004662,,0.002279202,0.002097902,,FALSE
,,0.000139237,0.001531607,0.006961849,0.000139237,0.001636035,0.010025063,0.000278474,0.059489,0.018518519,0.000104428,0.000174046,0.000556948,0.000104428,,,0.000348092,0.001879699,,0.008075745,0.004072682,3.48E-05,FALSE
,,0.000348092,0.001566416,0.01012949,0.000417711,0.001984127,0.015350877,0.000556948,0.085978836,0.024540518,0.000208855,0.000313283,0.000626566,0.000243665,,,0.000765803,0.002332219,,0.011730716,0.005917572,3.48E-05,FALSE
0.000104428,,0.000278474,0.002053745,0.007518797,0.000313283,0.001531607,0.011104149,0.000591757,0.066485659,0.01984127,0.000348092,0.000243665,0.000487329,0.000139237,,,0.000696185,0.001879699,,0.009259259,0.004699248,,FALSE
0.000104428,,0.000382902,0.00278474,0.014933166,0.000417711,0.002680312,0.02119883,0.000730994,0.111389585,0.033138402,0.000278474,0.000417711,0.000870231,0.000174046,,,0.001148705,0.003654971,,0.014097744,0.00831941,,FALSE
,,0.000243665,0.001984127,0.011417432,0.000243665,0.001879699,0.016360345,0.000591757,0.087823726,0.025549986,0.000208855,0.000348092,0.000556948,0.000174046,,,0.00090504,0.002088555,,0.011138959,0.006404901,,FALSE
,,0.000139237,0.002088555,0.007344751,0.000174046,0.001218324,0.01200919,0.000487329,0.05994152,0.017822334,0.000243665,0.000208855,0.00045252,0.000243665,,,0.000765803,0.001879699,,0.00922445,0.004177109,,FALSE
,,6.96E-05,0.001601225,0.003446115,6.96E-05,0.000730994,0.005221387,0.000208855,0.027951824,0.008980785,0.000104428,0.000174046,0.000487329,6.96E-05,,,0.000243665,0.000696185,,0.004420774,0.001984127,,FALSE
3.69E-05,,3.69E-05,0.000517292,0.003621046,3.69E-05,0.000997635,0.006355306,0.000628141,0.033143659,0.010937038,0.000110848,3.69E-05,,0.000184747,,,0.000812888,0.000775939,,0.004470884,0.002623411,,FALSE
3.69E-05,,3.69E-05,0.00070204,0.003177653,3.69E-05,0.000591191,0.005025126,0.000591191,0.024830033,0.008054981,7.39E-05,3.69E-05,,0.000184747,,,0.000591191,0.00070204,,0.00339935,0.002290866,,FALSE
0.000147798,3.69E-05,0.000332545,0.002216967,0.017292344,0.000480343,0.003140704,0.021135087,0.000923736,0.122044044,0.038279633,0.000184747,0.000295596,0.000480343,0.000480343,,,0.001736624,0.002845108,,0.014964529,0.010937038,3.69E-05,FALSE
0.000110848,3.69E-05,0.000332545,0.002549512,0.017292344,0.000480343,0.003177653,0.021172037,0.000923736,0.122893881,0.037466745,0.000221697,0.000295596,0.000443393,0.000480343,,,0.001736624,0.002919007,,0.014816731,0.010900089,3.69E-05,FALSE
,,3.69E-05,0.001958321,0.00543157,0.000147798,0.001182383,0.00812888,0.00070204,0.045632575,0.013634348,7.39E-05,7.39E-05,0.000110848,0.000147798,,,0.000738989,0.001219332,,0.005874963,0.004101389,,FALSE
3.69E-05,,7.39E-05,0.000812888,0.004507833,0.000147798,0.000812888,0.008350576,0.000886787,0.041420337,0.013671298,0.000184747,0.000110848,,0.000332545,,,0.000997635,0.001034585,,0.005653266,0.00339935,,FALSE
,,3.69E-05,0.001441029,0.003436299,3.69E-05,0.000480343,0.005283772,0.000443393,0.026677505,0.007759385,7.39E-05,3.69E-05,,0.000184747,,,0.000591191,0.000554242,,0.003436299,0.002623411,,FALSE
,,3.69E-05,0.000554242,0.003103754,3.69E-05,0.000480343,0.004803429,0.000480343,0.024940881,0.007352941,7.39E-05,3.69E-05,,0.000221697,,,0.000554242,0.000480343,,0.003251552,0.002438664,,FALSE
6.65E-05,,6.65E-05,0.000565009,0.002625631,3.32E-05,0.000432066,0.004686254,0.000465302,0.02133741,0.007145706,6.65E-05,3.32E-05,3.32E-05,0.000132943,,,0.000498538,0.000598245,,0.002791811,0.001894443,,FALSE
6.65E-05,,3.32E-05,0.000764424,0.003423292,3.32E-05,0.000531773,0.00551715,0.000498538,0.024129221,0.007544536,6.65E-05,6.65E-05,,0.000199415,,,0.000531773,0.00079766,,0.003390056,0.002293273,,FALSE
3.32E-05,,3.32E-05,0.000465302,0.003257112,3.32E-05,0.000897368,0.005716565,0.000565009,0.02981255,0.009837809,9.97E-05,3.32E-05,,0.000166179,,,0.000731189,0.000697953,,0.004021537,0.002359745,,FALSE
3.32E-05,,3.32E-05,0.000631481,0.002858282,3.32E-05,0.000531773,0.004520074,0.000531773,0.022334486,0.007245413,6.65E-05,3.32E-05,,0.000166179,,,0.000531773,0.000631481,,0.003057697,0.002060622,,FALSE
0.000132943,3.32E-05,0.000299123,0.00199415,0.015554374,0.000432066,0.002825047,0.019010901,0.000830896,0.109777985,0.034432332,0.000166179,0.000265887,0.000432066,0.000432066,,,0.001562085,0.00255916,,0.013460516,0.009837809,3.32E-05,FALSE
9.97E-05,3.32E-05,0.000299123,0.002293273,0.015554374,0.000432066,0.002858282,0.019044137,0.000830896,0.110542409,0.033701143,0.000199415,0.000265887,0.00039883,0.000432066,,,0.001562085,0.002625631,,0.013327572,0.009804573,3.32E-05,FALSE
,,3.32E-05,0.0017615,0.004885669,0.000132943,0.001063547,0.007311885,0.000631481,0.041046264,0.012264026,6.65E-05,6.65E-05,9.97E-05,0.000132943,,,0.000664717,0.001096783,,0.005284499,0.003689178,,FALSE
,,0.000132943,0.001329434,0.010535762,0.000332358,0.002226801,0.016052911,0.001462377,0.082757245,0.023165382,0.000265887,0.000199415,9.97E-05,0.00039883,,,0.002060622,0.002093858,,0.010369583,0.008176017,,FALSE
1.67E-05,,3.34E-05,0.000885814,0.001788341,,0.000200562,0.002105897,0.000150421,0.011582431,0.004044658,6.69E-05,6.69E-05,0.000150421,3.34E-05,,,0.000217275,0.000284129,,0.001721487,0.001203369,,FALSE
1.67E-05,,1.67E-05,0.001203369,0.00125351,,0.000150421,0.001888621,3.34E-05,0.009911084,0.003142131,8.36E-05,6.69E-05,0.000150421,1.67E-05,,,3.34E-05,0.000233989,,0.001554352,0.001052948,,FALSE
0.000284129,1.67E-05,0.000350983,0.008406873,0.012367964,0.000167135,0.001888621,0.016095066,0.000601685,0.092592593,0.030619067,0.000200562,0.000267415,0.000768819,0.000300842,3.34E-05,,0.001019521,0.003091991,,0.012685519,0.008941703,,FALSE
,,1.67E-05,0.001972189,0.002273031,1.67E-05,0.000350983,0.002741008,0.000100281,0.014707849,0.00467977,6.69E-05,5.01E-05,0.000200562,3.34E-05,,,0.000133708,0.000350983,,0.001754914,0.001838481,,FALSE
1.67E-05,,3.34E-05,0.000534831,0.00854058,0.000267415,0.001905335,0.011766279,0.000334269,0.06252507,0.017164728,0.000200562,0.000217275,0.000200562,0.000250702,,1.67E-05,0.00048469,0.000902527,,0.009626955,0.005147747,,FALSE
1.67E-05,,0.000183848,0.001370504,0.006969515,0.000150421,0.001420644,0.008356732,0.000233989,0.046981548,0.01355462,0.000183848,0.000284129,0.000300842,0.000200562,,,0.00038441,0.00125351,,0.008273165,0.004011231,,FALSE
3.34E-05,1.67E-05,0.000133708,0.001771627,0.005365022,8.36E-05,0.001320364,0.006601818,0.000133708,0.041365824,0.012117262,0.000150421,0.000133708,0.000334269,0.000100281,,,0.000300842,0.000969381,,0.006551678,0.003660249,,FALSE
1.67E-05,1.67E-05,6.69E-05,0.000701966,0.002924856,5.01E-05,0.000568258,0.004228506,6.69E-05,0.025772162,0.007019655,1.67E-05,0.000116994,0.000167135,6.69E-05,1.67E-05,,0.000100281,0.000635112,,0.004111512,0.001704773,,FALSE
3.34E-05,,8.36E-05,0.002624014,0.0093094,0.000367696,0.002590587,0.010679904,0.000317556,0.064664394,0.020357,0.000267415,0.000200562,0.000952667,0.000183848,,,0.00048469,0.001320364,,0.009326113,0.006016847,1.67E-05,FALSE
0.000133156,,,0.001997337,0.004926764,,0.001864181,0.009320905,0.000399467,0.062183755,0.018375499,0.000133156,,0.000665779,,,,0.000532623,0.000665779,,0.005992011,0.003994674,,FALSE
0.001464714,,0.000133156,0.031291611,0.024500666,0.000932091,0.006391478,0.035419441,0.00252996,0.232756325,0.062316911,0.000133156,0.000399467,0.002396804,0.000665779,,,0.002796272,0.013581891,,0.033022636,0.014380826,,FALSE
,0.000133156,,0.002263648,0.005592543,,0.001464714,0.008788282,0.000266312,0.05885486,0.018508655,0.000133156,,0.000399467,,,,0.000532623,0.000798935,0.000133156,0.00758988,0.00412783,,FALSE
,0.000133156,,0.002263648,0.005725699,,0.00159787,0.008655126,0.000399467,0.058455393,0.018508655,0.000133156,,0.000399467,,,,0.000532623,0.000532623,0.000133156,0.007456724,0.00412783,,FALSE
0.000133156,,0.000399467,0.004793609,0.033422104,0.001331558,0.006125166,0.04873502,0.003595206,0.265246338,0.1,0.000665779,0.000665779,0.001198402,0.000266312,0.000133156,,0.004926764,0.006524634,,0.034620506,0.024500666,,FALSE
,,,0.00193999,0.005302638,,0.001681324,0.008277289,0.000387998,0.058458355,0.016942576,0.000129333,,0.000775996,,,,0.000517331,0.000646663,,0.005949302,0.004138645,,FALSE
0.000129333,,0.001810657,0.003233316,0.042938438,0.000775996,0.008535954,0.06311433,0.002845318,0.355406105,0.110967408,0.001034661,0.001293326,0.0063373,0.001163994,,,0.00439731,0.007113295,,0.054966374,0.025737196,,FALSE
,0.000129333,,0.002327988,0.005302638,,0.001422659,0.008923952,0.000258665,0.058975685,0.017330574,0.000129333,,0.000387998,0.000129333,,,0.000387998,0.000775996,0.000129333,0.007630626,0.004138645,,FALSE
0.000129333,0.000129333,0.001551992,0.005302638,0.046818417,0.001551992,0.012545266,0.058458355,0.002715986,0.394076565,0.112131402,0.000775996,0.001681324,0.003233316,0.000646663,0.000129333,,0.005173306,0.007889291,,0.051215727,0.034014485,,FALSE
,,7.59E-05,0.001315723,0.005870148,0.000126512,0.001366328,0.008096756,0.000151814,0.040939224,0.011284854,0.000177117,0.000151814,0.000480745,0.000177117,,,0.000480745,0.001341025,,0.00513638,0.003795354,,FALSE
0.000480745,5.06E-05,0.000683164,0.016016396,0.038206568,0.00043014,0.006173777,0.049314306,0.001948282,0.296189464,0.071706897,0.000278326,0.000784373,0.000910885,0.000784373,2.53E-05,,0.004250797,0.009589596,,0.033323212,0.025833713,,FALSE
7.59E-05,,0.000253024,0.00182177,0.01616821,0.000379535,0.002909772,0.020115379,0.000328931,0.117605384,0.030995395,0.000202419,0.000227721,0.000986792,0.000202419,,,0.000708466,0.002682051,,0.016244117,0.009538991,,FALSE
7.59E-05,2.53E-05,0.000278326,0.001568747,0.012296949,0.000227721,0.002454329,0.015915186,0.000202419,0.096730935,0.024998735,0.000253024,0.000202419,0.000910885,0.000253024,,,0.000607257,0.002125399,,0.012448763,0.007970244,,FALSE
5.06E-05,,,0.002935074,0.003592936,5.06E-05,0.000480745,0.004352006,0.000151814,0.023936036,0.006603917,7.59E-05,0.000126512,0.000404838,2.53E-05,,,0.000202419,0.000809676,,0.002859167,0.002302515,,FALSE
7.59E-05,,,0.002909772,0.003618238,5.06E-05,0.000480745,0.004124285,0.000151814,0.024011943,0.006679824,7.59E-05,0.000126512,0.000404838,2.53E-05,,,0.000202419,0.000733769,,0.002884469,0.002277213,,FALSE
,,2.49E-05,0.000869825,0.00157811,9.94E-05,0.000248521,0.00268403,0.000173965,0.012798847,0.00391421,3.73E-05,2.49E-05,0.00034793,8.70E-05,,,0.000186391,0.000285799,,0.00192604,0.000944381,,FALSE
1.24E-05,,,0.000683434,0.001031363,3.73E-05,0.000124261,0.001615388,8.70E-05,0.007977534,0.002348526,4.97E-05,1.24E-05,0.000173965,3.73E-05,,,8.70E-05,0.000149113,,0.001242606,0.000621303,,FALSE
1.24E-05,,4.97E-05,0.000807694,0.002149709,8.70E-05,0.000397634,0.00337989,0.000186391,0.018390576,0.005330782,8.70E-05,6.21E-05,0.000248521,8.70E-05,,,0.000260947,0.000285799,,0.002907699,0.001466276,,FALSE
8.70E-05,,0.000447338,0.004088175,0.009816591,0.000198817,0.00157811,0.016824892,0.000310652,0.080123267,0.020726676,0.000136687,0.000186391,0.000385208,0.000211243,,,0.000807694,0.001963318,,0.010574581,0.007455639,,FALSE
3.73E-05,,,0.001155624,0.001342015,4.97E-05,0.000161539,0.002174561,8.70E-05,0.010226651,0.002957403,4.97E-05,1.24E-05,0.000198817,3.73E-05,,,9.94E-05,0.000273373,,0.001540832,0.000869825,,FALSE
,,9.94E-05,0.002162135,0.00618818,0.00034793,0.001056216,0.010450321,0.000310652,0.052077638,0.013084646,0.000149113,2.49E-05,0.000335504,0.000173965,1.24E-05,,0.000521895,0.001267459,,0.006958596,0.004647348,1.24E-05,FALSE
,,9.94E-05,0.001155624,0.004759183,0.000198817,0.000919529,0.008089368,0.000260947,0.038843879,0.010338486,0.000136687,7.46E-05,0.000422486,0.000161539,,,0.000397634,0.000894677,,0.005169243,0.003491724,,FALSE
1.24E-05,,1.24E-05,0.000360356,0.003740246,0.000211243,0.000720712,0.005156817,3.73E-05,0.028555097,0.008139073,6.21E-05,9.94E-05,0.000323078,3.73E-05,,,4.97E-05,0.000584025,,0.004063323,0.002460361,,FALSE
,,9.94E-05,0.000720712,0.003864506,0.000111835,0.000795268,0.007244396,0.000149113,0.030667528,0.007977534,6.21E-05,0.000111835,0.000298226,0.000173965,,,0.000298226,0.00069586,,0.00502013,0.002385804,,FALSE
3.73E-05,,,0.001155624,0.001255033,4.97E-05,0.000161539,0.002186987,7.46E-05,0.010139669,0.002907699,4.97E-05,1.24E-05,0.000198817,3.73E-05,,,7.46E-05,0.000285799,,0.001540832,0.000869825,,FALSE
,,6.21E-05,0.000671008,0.003417168,0.000161539,0.000633729,0.005579303,0.000273373,0.02864208,0.007418361,9.94E-05,0.000111835,0.000260947,7.46E-05,,,0.000484617,0.000633729,,0.004088175,0.002311248,,FALSE
,,6.18E-05,0.001338192,0.004961604,0.000123525,0.000802915,0.007082124,0.000329401,0.036810574,0.012867231,0.000123525,8.24E-05,0.000494102,4.12E-05,0.000102938,,0.000411751,0.001132316,,0.004858666,0.003376361,,FALSE
0.000144113,2.06E-05,0.000164701,0.003149898,0.009408519,0.000247051,0.001564655,0.012908406,0.000349989,0.072324131,0.020690507,0.000226463,0.000288226,0.000699977,0.000267638,,,0.000802915,0.001935232,,0.011240813,0.005949808,,FALSE
6.18E-05,,4.12E-05,0.001626418,0.001647006,2.06E-05,0.000164701,0.00228522,0.000123525,0.012331954,0.003396949,6.18E-05,6.18E-05,0.000370576,2.06E-05,,,0.000185288,0.000370576,,0.00152348,0.000926441,,FALSE
0.000123525,2.06E-05,0.000102938,0.005146892,0.010952587,0.000514689,0.001317604,0.013258395,0.000988203,0.077903362,0.040454574,0.000185288,0.000308814,0.00067939,0.000267638,2.06E-05,,0.001852881,0.001976407,,0.012187841,0.006135096,2.06E-05,FALSE
0.000144113,,8.24E-05,0.003746938,0.007617401,0.000370576,0.001255842,0.011240813,0.000473514,0.067136063,0.016799456,0.000164701,0.000247051,0.000699977,0.000247051,,,0.000988203,0.001194079,,0.009923208,0.004591028,,FALSE
2.06E-05,,,0.001008791,0.00135878,4.12E-05,0.000267638,0.001749943,0.000226463,0.010561423,0.003149898,6.18E-05,4.12E-05,0.000308814,2.06E-05,,,0.000329401,0.000247051,,0.001544068,0.000720565,,FALSE
0.000123525,2.06E-05,0.000164701,0.005146892,0.012681943,0.000555864,0.00160583,0.015708315,0.000802915,0.091779384,0.027216767,0.000164701,0.000391164,0.000638215,0.000247051,2.06E-05,,0.001667593,0.002141107,,0.013917197,0.007020361,,FALSE
2.06E-05,,,0.000988203,0.001317604,4.12E-05,0.000267638,0.001749943,0.000205876,0.010726124,0.003088135,6.18E-05,4.12E-05,0.000308814,2.06E-05,,,0.000267638,0.000247051,,0.001544068,0.000782328,,FALSE
2.06E-05,,,0.001091141,0.001317604,6.18E-05,0.000267638,0.001729356,0.000205876,0.010952587,0.003149898,6.18E-05,4.12E-05,0.000308814,2.06E-05,,,0.000267638,0.000288226,,0.001585243,0.00076174,,FALSE
,,6.99E-05,0.000803784,0.00435674,4.66E-05,0.000675644,0.008002889,0.000500909,0.037090536,0.010344346,0.000256279,9.32E-05,0.000780486,0.000128139,1.16E-05,,0.000687293,0.000838731,,0.005253716,0.002993803,,FALSE
3.49E-05,,4.66E-05,0.000896976,0.002609384,8.15E-05,0.000582452,0.00435674,0.000559154,0.025523042,0.0084805,6.99E-05,5.82E-05,0.000559154,3.49E-05,,,0.00072224,0.000617399,,0.003331625,0.001526024,,FALSE
,,6.99E-05,0.00048926,0.002492894,6.99E-05,0.000582452,0.00424025,0.000314524,0.024719258,0.006791389,8.15E-05,1.16E-05,0.000326173,3.49E-05,,,0.000419365,0.000407716,,0.003448115,0.001759005,,FALSE
1.16E-05,,6.99E-05,0.000768836,0.00520712,0.000186385,0.000920274,0.007443735,0.000232981,0.042297656,0.012732398,4.66E-05,6.99E-05,0.00036112,3.49E-05,,,0.000419365,0.00109501,,0.005638134,0.003576255,1.16E-05,FALSE
0.000128139,,1.16E-05,0.002737524,0.002143423,8.15E-05,0.000559154,0.003098644,0.000221332,0.020362518,0.00545175,1.16E-05,3.49E-05,0.000209683,5.82E-05,,,0.00024463,0.001188202,,0.002888961,0.001258096,,FALSE
,,8.15E-05,0.000896976,0.005009086,9.32E-05,0.00085038,0.006605004,0.000198034,0.035552863,0.008550394,5.82E-05,8.15E-05,0.000862029,0.000104841,,,0.000372769,0.00085038,1.16E-05,0.004892596,0.002621034,,FALSE
,,6.99E-05,0.000978519,0.005742976,0.000209683,0.00096687,0.009377475,0.000163087,0.049555007,0.011718932,0.000104841,9.32E-05,0.000326173,0.000337822,,,0.000326173,0.001129957,,0.005894413,0.004414985,,FALSE
1.16E-05,,8.15E-05,0.000582452,0.003820884,0.000186385,0.000768836,0.006709846,0.000314524,0.034294767,0.008492149,0.000198034,0.000163087,0.000349471,0.000104841,,,0.000559154,0.000547505,,0.004461581,0.002772471,1.16E-05,FALSE
1.16E-05,,0.00011649,0.000815433,0.00327338,0.000151437,0.000500909,0.004834351,0.000291226,0.02820232,0.006814687,6.99E-05,5.82E-05,0.000419365,6.99E-05,,,0.000384418,0.000547505,,0.003261731,0.002259913,,FALSE
2.33E-05,,3.49E-05,0.000675644,0.001712409,3.49E-05,0.000431014,0.003005452,0.000151437,0.01537673,0.004216952,5.82E-05,1.16E-05,0.000291226,2.33E-05,,,0.000291226,0.000442663,,0.001910442,0.001316341,,FALSE
,,,0.000174736,0.000396067,,0.000139788,0.000745538,4.66E-05,0.005311961,0.001514375,1.16E-05,,8.15E-05,,,,5.82E-05,6.99E-05,,0.000570803,0.000337822,,FALSE
,,0.000102316,0.000279044,0.003069482,6.51E-05,0.000465073,0.004353083,0.000158125,0.022742071,0.005432053,0.000111618,5.58E-05,0.000251139,5.58E-05,,,0.000213934,0.00051158,,0.003562459,0.001850991,9.30E-06,FALSE
,,,3.72E-05,3.72E-05,,,2.79E-05,,0.000167426,7.44E-05,,,,,,,9.30E-06,,,2.79E-05,1.86E-05,,FALSE
5.58E-05,1.86E-05,0.000139522,0.001627756,0.00802716,0.000204632,0.00172077,0.011738443,0.000372058,0.06394754,0.019058692,0.000111618,0.000148823,0.000595293,0.00013022,,,0.000632499,0.001423123,,0.009096828,0.005376244,1.86E-05,FALSE
1.86E-05,,9.30E-06,0.00089294,0.001013859,1.86E-05,0.000232537,0.001618454,3.72E-05,0.00840852,0.002306762,2.79E-05,1.86E-05,0.000195331,2.79E-05,,,6.51E-05,0.000223235,,0.001237094,0.000744117,,FALSE
,,8.37E-05,0.000279044,0.001999814,5.58E-05,0.000362757,0.003190401,0.000102316,0.01726351,0.004111245,9.30E-05,3.72E-05,0.000204632,5.58E-05,,,0.00013022,0.00031625,,0.002706725,0.001358013,,FALSE
,,9.30E-06,0.000399963,0.001460329,1.86E-05,0.000269742,0.002399777,5.58E-05,0.012138406,0.003329923,8.37E-05,2.79E-05,0.000186029,3.72E-05,,,0.000120919,0.00031625,,0.001776579,0.001051065,,FALSE
9.30E-06,,0.000120919,0.000548786,0.002241652,9.30E-05,0.000334853,0.003274114,9.30E-05,0.018416891,0.004771649,5.58E-05,0.000120919,0.000195331,6.51E-05,,,0.000186029,0.000409264,,0.002474188,0.00133941,1.86E-05,FALSE
,,1.86E-05,0.000232537,0.001469631,4.65E-05,0.000241838,0.002250953,0.000120919,0.011496605,0.003990326,3.72E-05,2.79E-05,0.000139522,2.79E-05,,,0.000148823,0.000241838,,0.001525439,0.001023161,,FALSE
2.79E-05,,4.65E-05,0.000483676,0.002390475,8.37E-05,0.00044647,0.003432239,0.000167426,0.021188727,0.006120361,5.58E-05,3.72E-05,0.000186029,5.58E-05,,,0.000195331,0.000409264,,0.002836945,0.001460329,9.30E-06,FALSE
9.30E-06,,9.30E-06,0.000390661,0.000688308,9.30E-06,0.000139522,0.001199888,4.65E-05,0.006324993,0.001646358,2.79E-05,2.79E-05,0.000158125,1.86E-05,,,6.51E-05,0.000120919,,0.001041764,0.000455772,,FALSE
1.86E-05,,0.000390661,0.001506837,0.008287601,0.000148823,0.001553344,0.012519766,0.000297647,0.063715003,0.017858804,7.44E-05,0.000120919,0.000427867,8.37E-05,9.30E-06,,0.000734815,0.001506837,,0.008306204,0.006269184,,FALSE
1.86E-05,,9.30E-06,0.000455772,0.001581248,5.58E-05,0.000344154,0.002316064,0.000167426,0.011617524,0.003794996,3.72E-05,3.72E-05,8.37E-05,3.72E-05,,,0.000353455,0.000279044,,0.001795182,0.000948749,,FALSE
1.86E-05,,9.30E-06,0.00089294,0.000995256,1.86E-05,0.000232537,0.001581248,5.58E-05,0.00840852,0.002325365,2.79E-05,1.86E-05,0.000195331,2.79E-05,,,8.37E-05,0.000204632,,0.001237094,0.000753418,,FALSE
0.000761151,7.61E-05,0.000228345,0.011226975,0.020893591,0.000570863,0.00433856,0.030179632,0.001560359,0.164979449,0.03779114,0.000266403,0.00030446,0.000799208,0.000608921,,3.81E-05,0.003425179,0.005556401,,0.022606181,0.012597047,,FALSE
0.000494748,3.81E-05,0.001788705,0.008791292,0.030788552,0.000875323,0.005556401,0.04662049,0.002207337,0.244519714,0.081328969,0.00030446,0.000456691,0.002740143,0.000570863,,3.81E-05,0.00464302,0.00696453,,0.03360481,0.020969706,,FALSE
0.000723093,3.81E-05,0.002093165,0.035812148,0.038362003,0.000799208,0.006583955,0.056515451,0.002930431,0.309255594,0.900974273,0.000342518,0.000532806,0.003653524,0.000761151,,3.81E-05,0.005898919,0.015717765,,0.042548333,0.025917187,,FALSE
7.61E-05,3.81E-05,0.00015223,0.001902877,0.015869995,0.000532806,0.003805754,0.022948698,0.000228345,0.120337951,0.0312833,0.000266403,0.00030446,0.000761151,0.000342518,,,0.000761151,0.002892373,,0.016973664,0.010884457,,FALSE
,,,,,,,,,,,,,,,,,,,,,,,
,,,,,,,,,,,,,,,,,,,,,,,
,,,,,,,,,,,,,,,,,,,,,,,
,,,,,,,,,,,,,,,,,,,,,,,
,,,,,,,,,,,,,,,,,,,,,,,
,,,,,,,,,,,,,,,,,,,,,,,
,,,,,,,,,,,,,,,,,,,,,,,
Aggregated Score,,,,,,,,,,,,,,,,,,,,,,,
$,'',CC,CD,DT,FW,IN,JJ,MD,NN,NNP,NNS,PDT,PRP,RB,RP,SYM,VB,VBD,VBG,VBP,VBZ,WRB,Nature
0.030593,0.009316,0.192671,1.19162,3.00878,0.170534,1.055251,4.315799,2.791268,24.95316,7.766342,0.059189,0.075704,0.160419,0.071562,0.002109,0.028376,0.379401,0.586258,0.329124,3.268138,2.062083,0.063778,Negative
